event_id,event_date,event_title,location_description,ner_state,landslide_category,landslide_trigger,landslide_size,landslide_setting,fatality_count,injury_count,longitude,latitude
78,2007-05-23 00:00:00,"Pangthang, on road b/t Gangtok and North Sikkim","Pangthang, on road b/t Gangtok and North Sikkim",Sikkim,landslide,rain,medium,unknown,,,88.6069,27.3383
126,2007-07-16 00:00:00,Bardang near Singtam,Bardang near Singtam,Sikkim,mudslide,rain,medium,unknown,,,88.38,27.1499
130,2007-07-19 00:00:00,Guwahati,Guwahati,Assam,landslide,rain,medium,unknown,6.0,,91.7986,26.1699
141,2007-07-26 00:00:00,Singtam,Singtam,Meghalaya,landslide,rain,medium,unknown,,,91.88,25.38
142,2007-07-27 00:00:00,Tura,Tura,Meghalaya,rock_fall,rain,large,unknown,8.0,,90.232,25.5212
148,2007-07-30 00:00:00,Saiha,Saiha,Mizoram,landslide,downpour,medium,unknown,,,92.967,22.479
147,2007-07-30 00:00:00,Lawngtlai,Lawngtlai,Mizoram,landslide,downpour,medium,unknown,,,92.899,22.533
211,2007-08-26 00:00:00,Tamenglong,Tamenglong,Manipur,mudslide,continuous_rain,medium,unknown,1.0,,93.55,24.9667
213,2007-08-26 00:00:00,Shillong Road at Kuliang in the Jaintia Hills,Shillong Road at Kuliang in the Jaintia Hills,Assam,landslide,rain,medium,unknown,,,92.8339,25.2946
212,2007-08-26 00:00:00,National Highway No 44 at Sonarpur in Meghalaya,National Highway No 44 at Sonarpur in Meghalaya,Meghalaya,complex,rain,medium,unknown,,,91.8506,25.5576
215,2007-08-28 00:00:00,Phesema area at National Highway 39,Phesema area at National Highway 39,Nagaland,landslide,rain,medium,unknown,1.0,,93.9136,25.7428
220,2007-08-31 00:00:00,"Velnal village, Tamei sub-division and Toribari village (3 kilometer toward Tamei from Kangpokpi)","Velnal village, Tamei sub-division and Toribari village (3 kilometer toward Tamei from Kangpokpi)",Manipur,landslide,rain,medium,unknown,,,93.9667,25.1333
247,2007-09-08 00:00:00,"Lower Shajouba village near Tadubi along NH 39, Manipur ","Lower Shajouba village near Tadubi along NH 39, Manipur ",Manipur,landslide,rain,medium,unknown,,,93.9877,25.0604
251,2007-09-09 00:00:00,Hingdam village in South Sikkim,Hingdam village in South Sikkim,Sikkim,landslide,rain,medium,unknown,1.0,,88.35,27.1667
252,2007-09-09 00:00:00,"Mao in Manipur, Phipema and Chunikhudima in Nagaland","Mao in Manipur, Phipema and Chunikhudima in Nagaland",Nagaland,landslide,rain,medium,unknown,,,94.1192,25.4993
255,2007-09-10 00:00:00,Wamkhu village along the Tengnoupal-Joupi road in Chandel district,Wamkhu village along the Tengnoupal-Joupi road in Chandel district,Manipur,landslide,rain,medium,unknown,,,94.0691,24.2451
256,2007-09-10 00:00:00,Rhodong village near Rhey in East Sikkim,Rhodong village near Rhey in East Sikkim,Sikkim,landslide,rain,medium,unknown,,,88.6236,27.3425
259,2007-09-11 00:00:00,"Assam-Agartala National Highway, Sonarpur in Jayantiya hills of Meghalaya","Assam-Agartala National Highway, Sonarpur in Jayantiya hills of Meghalaya",Meghalaya,landslide,rain,medium,unknown,,,91.27,25.52
258,2007-09-11 00:00:00,"NH-39 at Imphal-Moreh section, Lokchao largest event","NH-39 at Imphal-Moreh section, Lokchao largest event",Manipur,landslide,rain,medium,unknown,3.0,,94.0564,24.4279
264,2007-09-13 00:00:00,Guwahati,Guwahati,Assam,landslide,rain,medium,unknown,,,91.8,26.1833
269,2007-09-18 00:00:00,Geyzing-Jorethang road and Naya Bazar-Legship road,Geyzing-Jorethang road and Naya Bazar-Legship road,Sikkim,landslide,rain,medium,unknown,,,88.2816,27.2872
285,2007-09-29 00:00:00,"National Highway, 45 Aizwal (Mizoram)","National Highway, 45 Aizwal (Mizoram)",Mizoram,landslide,rain,medium,unknown,,,92.6921,24.1293
313,2007-10-16 00:00:00,"NH-39 at Piphema,  6 km towards Dimapur from Kohima in Nagaland","NH-39 at Piphema,  6 km towards Dimapur from Kohima in Nagaland",Nagaland,landslide,rain,large,unknown,,,94.0132,25.7055
319,2007-10-19 00:00:00,"Maram-Purul Road, Karong Assembly Constituency of Senapati district, Manipur","Maram-Purul Road, Karong Assembly Constituency of Senapati district, Manipur",Nagaland,landslide,rain,medium,unknown,,,94.1162,25.4379
322,2007-10-21 00:00:00,National Highway 53 at Nungba in Tamenglong district of Manipur,National Highway 53 at Nungba in Tamenglong district of Manipur,Assam,landslide,rain,medium,unknown,,,93.4333,24.75
545,2008-05-20 00:00:00,"A Cachar District village, near village of Srinager, Assam","A Cachar District village, near village of Srinager, Assam",Assam,mudslide,mining,medium,unknown,5.0,,92.8411,24.9849
580,2008-06-09 00:00:00,"near Kuloor church, in Manipur along National Highway","near Kuloor church, in Manipur along National Highway",Manipur,landslide,monsoon,medium,unknown,,,93.9784,24.6596
585,2008-06-14 00:00:00,"Itanagar-Naharlagun, Arunachal Pradesh","Itanagar-Naharlagun, Arunachal Pradesh",Arunachal Pradesh,landslide,rain,large,unknown,21.0,,93.6287,27.0998
587,2008-06-15 00:00:00,"Lakhimpur district, Bihpuria, Assam","Lakhimpur district, Bihpuria, Assam",Assam,landslide,downpour,medium,unknown,17.0,,94.0989,27.2298
594,2008-06-19 00:00:00,"Namkaoluang village, Tamenglong-Sangrung (Khongsang) road, NH-53, Manipur","Namkaoluang village, Tamenglong-Sangrung (Khongsang) road, NH-53, Manipur",Manipur,mudslide,monsoon,medium,unknown,,,93.8275,24.9336
692,2008-08-07 00:00:00,"National Highway-39, Dimapur-Imphal road and another under Kiphire district of Nagaland","National Highway-39, Dimapur-Imphal road and another under Kiphire district of Nagaland",Nagaland,landslide,downpour,medium,unknown,,,94.04,25.705
714,2008-08-14 00:00:00,"Kimin-Ziro road in Papum Pare district, road between Doimukh and Sagalee, Doimukh-Hoj road; Arunachal Pradesh","Kimin-Ziro road in Papum Pare district, road between Doimukh and Sagalee, Doimukh-Hoj road; Arunachal Pradesh",Assam,landslide,rain,medium,unknown,,,94.0,27.163
731,2008-08-19 00:00:00,"Akuk village, Wokha District, Nagaland","Akuk village, Wokha District, Nagaland",Nagaland,mudslide,downpour,medium,unknown,4.0,,94.25,26.138
755,2008-08-28 00:00:00,"Ranka, Sikkim and Louing road","Ranka, Sikkim and Louing road",Sikkim,landslide,downpour,medium,unknown,,,88.609,27.337
760,2008-08-29 00:00:00,"Kohima, Nagaland","Kohima, Nagaland",Nagaland,complex,downpour,medium,unknown,,,94.1066,25.67
868,2008-10-29 00:00:00,"Kamrup, and Sonitpur, Assam","Kamrup, and Sonitpur, Assam",Assam,landslide,downpour,medium,unknown,7.0,,91.25,26.3333
870,2008-10-29 00:00:00,"West Kameng, Arunachal Pradesh","West Kameng, Arunachal Pradesh",Arunachal Pradesh,mudslide,downpour,medium,unknown,12.0,,92.35,27.4
869,2008-10-29 00:00:00,North Lakhimpur ,North Lakhimpur ,Assam,landslide,downpour,medium,unknown,,,94.1167,27.2333
1084,2009-08-12 00:00:00,"Upper Subansiri District, Arunanchal Pradesh","Upper Subansiri District, Arunanchal Pradesh",Arunachal Pradesh,landslide,downpour,medium,unknown,0.0,,92.8,27.7
1108,2009-08-20 00:00:00,"Tamei, Tamenglong district on Imphal-Tamenglong (IT) road","Tamei, Tamenglong district on Imphal-Tamenglong (IT) road",Assam,landslide,downpour,medium,unknown,0.0,,93.5,24.9925
1112,2009-08-20 00:00:00,"NH31A, Mile 27 near Rambi","NH31A, Mile 27 near Rambi",Sikkim,mudslide,downpour,medium,unknown,0.0,,88.5287,27.1761
1109,2009-08-20 00:00:00,Lumding-Badarpur section in North Cachar Hills district,Lumding-Badarpur section in North Cachar Hills district,Assam,landslide,downpour,medium,unknown,0.0,,93.1645,25.5215
1125,2009-08-26 00:00:00,"17th Mile towards Tsomgo Lake, near Kyongsala, Sikkim ","17th Mile towards Tsomgo Lake, near Kyongsala, Sikkim ",Sikkim,landslide,rain,medium,unknown,,,88.7648,27.3746
1127,2009-08-27 00:00:00,between Mahur and Phaiding railway stations on Barail hills (Mahur and Barail hills located),between Mahur and Phaiding railway stations on Barail hills (Mahur and Barail hills located),Assam,landslide,downpour,medium,unknown,,,93.123,25.1718
1129,2009-08-30 00:00:00,"Road stretch from Gammom to Chamu village, under Kamjong block, Ukhrul district, Manipur","Road stretch from Gammom to Chamu village, under Kamjong block, Ukhrul district, Manipur",Manipur,landslide,downpour,medium,unknown,,,94.4182,24.8628
1168,2009-09-17 00:00:00,"4th Mile on road between Rongli, Rhenock and Rangpo in East Sikkim.","4th Mile on road between Rongli, Rhenock and Rangpo in East Sikkim.",Sikkim,landslide,rain,medium,unknown,,,88.6115,27.1954
1222,2009-10-05 00:00:00,"Chhinga Veng, Aizawl","Chhinga Veng, Aizawl",Mizoram,landslide,downpour,medium,urban,3.0,,92.72124394,23.73478778
1596,2010-03-27 20:00:00,"LangthAbal Khoupum, Imphal, Manipur","LangthAbal Khoupum, Imphal, Manipur",Manipur,mudslide,downpour,medium,unknown,0.0,,93.9161,24.7339
1611,2010-04-01 00:00:00,"Paglanala village, Dholai Block, near Dwarbandh locality of the district, Cachar district (could only find district) 45 km from Silchar, Assam","Paglanala village, Dholai Block, near Dwarbandh locality of the district, Cachar district (could only find district) 45 km from Silchar, Assam",Assam,landslide,downpour,medium,unknown,3.0,,93.028,25.1553
1613,2010-04-02 23:00:00,"Koloriang, Kuring Kumey district, Arunachal Pradesh","Koloriang, Kuring Kumey district, Arunachal Pradesh",Arunachal Pradesh,mudslide,downpour,large,unknown,12.0,,93.3497,27.8997
1756,2010-04-17 00:00:00,"Nam Nang, Gangtok","Nam Nang, Gangtok",Sikkim,landslide,downpour,small,unknown,0.0,,88.6087,27.322
1755,2010-04-17 15:00:00,"Natl. Highway 31-A at Pani House(?), Gangtok","Natl. Highway 31-A at Pani House(?), Gangtok",Sikkim,landslide,downpour,small,unknown,0.0,,88.6083,27.3341
1770,2010-04-20 00:00:00,"Kharghuli, Guwahati, Assam","Kharghuli, Guwahati, Assam",Assam,landslide,downpour,medium,unknown,0.0,,91.763,26.1965
1771,2010-04-20 00:00:00,"Raj Bhavan Guwahati, Assam","Raj Bhavan Guwahati, Assam",Assam,landslide,downpour,medium,unknown,0.0,,91.7665,26.1978
1776,2010-04-21 00:00:00,Shillong-Jowai(Jwai)-Badarpur National Highway(NH 44) at Sunapur village in Jaintia Hills District,Shillong-Jowai(Jwai)-Badarpur National Highway(NH 44) at Sunapur village in Jaintia Hills District,Meghalaya,landslide,downpour,medium,unknown,0.0,,92.2845,25.3612
1775,2010-04-21 00:00:00,Arunachal Pradesh ,Arunachal Pradesh ,Arunachal Pradesh,landslide,downpour,medium,unknown,12.0,,96.1779,27.8965
1857,2010-05-11 09:00:00,"National highway 44 at Sunapur and Tongseng in Jaintia Hills district, eastern Meghalaya","National highway 44 at Sunapur and Tongseng in Jaintia Hills district, eastern Meghalaya",Meghalaya,landslide,downpour,medium,unknown,0.0,,92.2897,25.3433
1930,2010-05-31 00:00:00,"Anini-Roing road,  Dibang Valley,  Arunachal Pradesh ","Anini-Roing road,  Dibang Valley,  Arunachal Pradesh ",Arunachal Pradesh,landslide,downpour,medium,unknown,0.0,,95.8776,28.4298
1929,2010-05-31 23:00:00,"North Sikkiim Highway, periphery of Gangtok, Sikkim East district","North Sikkiim Highway, periphery of Gangtok, Sikkim East district",Sikkim,landslide,downpour,medium,unknown,0.0,,88.6428,27.3543
1935,2010-06-03 00:00:00,"atharamura hills, Highway 44, Tripura","atharamura hills, Highway 44, Tripura",Tripura,landslide,downpour,medium,unknown,0.0,,91.7599,23.8986
1934,2010-06-03 05:00:00,Rongpur village under Bhairabhnagar panchayat in Karimganj district,Rongpur village under Bhairabhnagar panchayat in Karimganj district,Assam,landslide,downpour,medium,unknown,2.0,,92.3814,24.6005
1954,2010-06-07 00:00:00,"Irang(?) and Barak(?) and Makru(?) on highway 53 between Imphal and Jiribam, Manipur","Irang(?) and Barak(?) and Makru(?) on highway 53 between Imphal and Jiribam, Manipur",Manipur,landslide,rain,medium,unknown,0.0,,93.5039,24.7543
1961,2010-06-09 14:15:00,"Ishok Chingphu(?), Bishnupur, Assam","Ishok Chingphu(?), Bishnupur, Assam",Meghalaya,landslide,downpour,medium,unknown,0.0,,91.2,25.8833
1987,2010-06-15 00:00:00,"rails between Mahur and Wadringdisa(?), Assam","rails between Mahur and Wadringdisa(?), Assam",Assam,landslide,downpour,medium,unknown,0.0,,93.1658,25.2269
1986,2010-06-15 00:00:00,"Fazl Ali College, Mokokchung, Nagaland","Fazl Ali College, Mokokchung, Nagaland",Nagaland,landslide,downpour,medium,unknown,0.0,,94.5512,26.3335
1994,2010-06-16 00:00:00,"rails between Jatinga and Longrangjao(?), Assam","rails between Jatinga and Longrangjao(?), Assam",Assam,landslide,downpour,medium,unknown,0.0,,92.8025,25.0633
1996,2010-06-17 19:30:00,"Shayoung Ward(?), Longleng, Nagaland","Shayoung Ward(?), Longleng, Nagaland",Nagaland,landslide,downpour,medium,unknown,0.0,,94.8833,26.4333
2026,2010-06-28 00:00:00,"Borsorsa(?), West Khasi Hills, Meghalaya","Borsorsa(?), West Khasi Hills, Meghalaya",Meghalaya,landslide,downpour,medium,unknown,0.0,,91.2698,25.4916
2025,2010-06-28 00:00:00,"Police CID complex(?), Shillong, Meghalaya","Police CID complex(?), Shillong, Meghalaya",Meghalaya,landslide,downpour,medium,unknown,1.0,,91.885,25.5728
2045,2010-07-06 00:00:00,"Tuensang, Nagaland","Tuensang, Nagaland",Nagaland,mudslide,monsoon,medium,unknown,0.0,,94.8133,26.2363
2043,2010-07-06 00:00:00,"Mon, Nagaland","Mon, Nagaland",Nagaland,mudslide,monsoon,medium,unknown,0.0,,95.0281,26.7225
2042,2010-07-06 00:00:00,"Zunheboto, Nagaland","Zunheboto, Nagaland",Nagaland,mudslide,monsoon,medium,unknown,0.0,,94.5238,26.0093
2044,2010-07-06 00:00:00,"Kiphire,  Nagaland","Kiphire,  Nagaland",Nagaland,mudslide,monsoon,medium,unknown,0.0,,94.7861,25.8877
2098,2010-07-19 06:00:00,"Jahjon ward(?), Mon town, Nagaland","Jahjon ward(?), Mon town, Nagaland",Nagaland,landslide,downpour,medium,unknown,0.0,,95.0283,26.7215
2106,2010-07-20 00:00:00,"road to Oting near Longlam village, 13 km from Tizit subdivision, Mon district, Nagaland","road to Oting near Longlam village, 13 km from Tizit subdivision, Mon district, Nagaland",Nagaland,landslide,downpour,medium,unknown,0.0,,94.9921,26.8716
2113,2010-07-21 08:00:00,"Singtam-Mangan rd, Sikkim","Singtam-Mangan rd, Sikkim",Sikkim,landslide,downpour,medium,unknown,0.0,,88.559,27.3773
2140,2010-07-25 00:00:00,"road between Halfong and Redzol(?) or Silchar, Assam","road between Halfong and Redzol(?) or Silchar, Assam",Assam,landslide,downpour,medium,unknown,0.0,,92.801,25.0477
2163,2010-07-29 00:00:00,"Maram area in Senapati district, National Highway 39","Maram area in Senapati district, National Highway 39",Nagaland,landslide,downpour,medium,unknown,0.0,,94.1054,25.4196
2166,2010-07-29 00:00:00,"Highway 53 at Tupul, Tamenglong district","Highway 53 at Tupul, Tamenglong district",Assam,landslide,downpour,medium,unknown,0.0,,93.5027,24.9786
2164,2010-07-29 23:00:00,"Chingai-Kuingai(Quingai) route (16 kms), Chingai subdivision, Ukhrul district, Manipur","Chingai-Kuingai(Quingai) route (16 kms), Chingai subdivision, Ukhrul district, Manipur",Manipur,landslide,downpour,medium,unknown,0.0,,94.48214677,25.3098633
2182,2010-07-31 09:00:00,Dimapur-Imphal highway (NH 39) near Manipur,Dimapur-Imphal highway (NH 39) near Manipur,Manipur,landslide,rain,medium,unknown,0.0,,93.8443,24.9356
2205,2010-08-06 00:00:00,"Dawrpui Vengthar cemetary, Aizwal, Mizoram","Dawrpui Vengthar cemetary, Aizwal, Mizoram",Mizoram,landslide,downpour,medium,unknown,0.0,,92.7146,23.7365
2243,2010-08-13 00:00:00,"NH-39 near Kohima Municipality Council(KMC) dumping ground, between Zubza(Sechu) and Kohima, Nagaland","NH-39 near Kohima Municipality Council(KMC) dumping ground, between Zubza(Sechu) and Kohima, Nagaland",Nagaland,landslide,downpour,medium,mine,0.0,,94.04619681,25.70223725
2247,2010-08-14 00:00:00,"Tuensang-Shamatore(Sampurre) rd, Nagaland","Tuensang-Shamatore(Sampurre) rd, Nagaland",Nagaland,landslide,downpour,medium,unknown,0.0,,94.8422,26.148
2248,2010-08-14 00:00:00,"Noklak-Tuensang road, Nagaland","Noklak-Tuensang road, Nagaland",Nagaland,landslide,downpour,medium,unknown,0.0,,94.9152,26.222
2249,2010-08-14 00:00:00,"Kiphire-Tuensang rd, Nagaland","Kiphire-Tuensang rd, Nagaland",Nagaland,landslide,downpour,medium,unknown,0.0,,94.803,26.0814
2253,2010-08-15 23:00:00,"Chingai-Kuingai(Quingai) route (16 kms), Chingai subdivision, Ukhrul district, Manipur","Chingai-Kuingai(Quingai) route (16 kms), Chingai subdivision, Ukhrul district, Manipur",Manipur,landslide,downpour,medium,unknown,0.0,,94.48265093,25.31006064
2263,2010-08-17 00:00:00,"Dikhu bridge(?), Mokokchung-Tuensang road, Nagaland","Dikhu bridge(?), Mokokchung-Tuensang road, Nagaland",Nagaland,landslide,downpour,medium,unknown,0.0,,94.6654,26.2753
2283,2010-08-19 00:00:00,"2 km from Khongsang village(?), road between Tamenglong and Imphal or Nungba, Manipur","2 km from Khongsang village(?), road between Tamenglong and Imphal or Nungba, Manipur",Manipur,mudslide,downpour,medium,unknown,0.0,,93.4957,24.8961
2282,2010-08-19 06:30:00,"Tuensang-Kohima rd, 3 km outside Tuensang, Nagaland","Tuensang-Kohima rd, 3 km outside Tuensang, Nagaland",Nagaland,landslide,downpour,medium,unknown,0.0,,94.8158,26.1984
2281,2010-08-19 18:00:00,"Kisima, Nagaland","Kisima, Nagaland",Nagaland,landslide,downpour,medium,above_road,,,94.11603493,25.61560252
2296,2010-08-20 00:00:00,"many locations around Namchi, Sikkim","many locations around Namchi, Sikkim",Sikkim,complex,downpour,medium,unknown,0.0,,88.3652,27.167
2304,2010-08-21 18:00:00,"NH 39 at Kigwema(?), between Mao Gate and Kohima, Nagaland","NH 39 at Kigwema(?), between Mao Gate and Kohima, Nagaland",Nagaland,landslide,downpour,medium,unknown,0.0,,94.1211,25.5718
2344,2010-08-27 16:30:00,"NH-53 at Nungba police station, Kambirong(?), Manipur","NH-53 at Nungba police station, Kambirong(?), Manipur",Assam,landslide,downpour,medium,unknown,0.0,,93.4221,24.7505
2343,2010-08-27 16:30:00,"NH-39 at Ekai village(?), 2 km for Tadubi, Manipur","NH-39 at Ekai village(?), 2 km for Tadubi, Manipur",Nagaland,landslide,downpour,medium,unknown,0.0,,94.1327,25.4786
2345,2010-08-27 18:00:00,"Daragaon(?), Gangtok city, Sikkim","Daragaon(?), Gangtok city, Sikkim",Sikkim,landslide,downpour,medium,unknown,0.0,,88.6188,27.3392
2392,2010-09-04 00:00:00,"17th mile(?), Jawaharlal Nehru Marg hwy, between Gangtok and Nathu La, Sikkim","17th mile(?), Jawaharlal Nehru Marg hwy, between Gangtok and Nathu La, Sikkim",Sikkim,landslide,downpour,medium,unknown,0.0,,88.7334,27.3702
2405,2010-09-09 23:00:00,"Mossing(Mosing) village(?), Upper Siang district, Arunachal Pradesh","Mossing(Mosing) village(?), Upper Siang district, Arunachal Pradesh",Arunachal Pradesh,landslide,downpour,medium,unknown,10.0,,95.4112,28.3036
2411,2010-09-10 00:00:00,"districts Lakhimpur, Dhemaji, Golaghat, and Sonitpur, Assam province","districts Lakhimpur, Dhemaji, Golaghat, and Sonitpur, Assam province",Arunachal Pradesh,landslide,downpour,medium,unknown,0.0,,93.7273,27.0011
2415,2010-09-12 00:00:00,power lines 5 km from Kohima,power lines 5 km from Kohima,Nagaland,landslide,downpour,medium,unknown,,,94.11112157,25.63961883
2420,2010-09-13 00:00:00,"Tuikual 'C', Aizawl, Mizoram","Tuikual 'C', Aizawl, Mizoram",Mizoram,landslide,downpour,medium,urban,1.0,,92.71495623,23.72988966
2425,2010-09-13 00:00:00,"near Tuichang(?) on Tuichang river, Aizawl-Champhai rd, Mizoram","near Tuichang(?) on Tuichang river, Aizawl-Champhai rd, Mizoram",Mizoram,landslide,downpour,medium,unknown,0.0,,93.0748,23.3439
2423,2010-09-13 00:00:00,"road to Kanan Veng from Hunthar Veng, Mizoram","road to Kanan Veng from Hunthar Veng, Mizoram",Mizoram,landslide,downpour,medium,above_road,,,92.71060943,23.73504471
2424,2010-09-13 00:00:00,"near Tuivawl(?), Aizawl-Champhai rd, Aizawl district, Mizoram","near Tuivawl(?), Aizawl-Champhai rd, Aizawl district, Mizoram",Mizoram,landslide,downpour,medium,unknown,0.0,,92.9296,23.591
2426,2010-09-13 00:00:00,"Hual(Hu) village(?), Lunglei-Lawngtlai rd, Mizoram","Hual(Hu) village(?), Lunglei-Lawngtlai rd, Mizoram",Mizoram,landslide,downpour,medium,unknown,0.0,,92.8416,22.7176
2422,2010-09-13 00:00:00,"Hunthar Veng, Mizoram","Hunthar Veng, Mizoram",Mizoram,landslide,downpour,medium,urban,,,92.7141905,23.74182634
2421,2010-09-13 09:00:00,"road to Muanna Godown, Zuangtui, Mizoram","road to Muanna Godown, Zuangtui, Mizoram",Mizoram,landslide,downpour,medium,above_road,,,92.74128531,23.75406693
2437,2010-09-16 00:00:00,"Aizawl-Lengpui rd 3km from Aizawl, Mizoram, Manipur","Aizawl-Lengpui rd 3km from Aizawl, Mizoram, Manipur",Mizoram,landslide,downpour,medium,unknown,0.0,,92.694,23.7527
2436,2010-09-16 03:00:00,"Taithu village, Churanchandpur district, Mizoram, Manipur","Taithu village, Churanchandpur district, Mizoram, Manipur",Mizoram,landslide,downpour,medium,unknown,0.0,,93.125,24.3069
2539,2010-10-03 00:00:00,"Mosing village, Upper Siang district, Arunachal Pradesh","Mosing village, Upper Siang district, Arunachal Pradesh",Arunachal Pradesh,landslide,downpour,medium,unknown,10.0,,95.4149,28.3092
2569,2010-10-08 00:00:00,"Bungte Chiru village(?), Senapati district, Manipur","Bungte Chiru village(?), Senapati district, Manipur",Nagaland,landslide,downpour,medium,unknown,0.0,,94.0212,25.2745
2570,2010-10-08 00:00:00,"Tharon(?) and Langol Tarung villages, Thangmeiband constituency, Imphal, Manipur","Tharon(?) and Langol Tarung villages, Thangmeiband constituency, Imphal, Manipur",Manipur,landslide,downpour,medium,unknown,0.0,,93.9128,24.837
2566,2010-10-08 00:00:00,"Sahong, Tabu and Pani village under Tadubi police station of Senapati district, NH-39","Sahong, Tabu and Pani village under Tadubi police station of Senapati district, NH-39",Nagaland,mudslide,downpour,medium,unknown,0.0,,94.1351,25.4769
2567,2010-10-08 00:00:00,"Phek, Manipur","Phek, Manipur",Manipur,complex,downpour,medium,unknown,0.0,,94.4703,25.6633
2568,2010-10-08 00:00:00,"Nungba, Tamenglong, Manipur","Nungba, Tamenglong, Manipur",Assam,landslide,downpour,medium,unknown,0.0,,93.4108,24.7679
2576,2010-10-09 00:00:00,"NH-39 at Tobio village(?), 7 km form Tadubi, Manipur","NH-39 at Tobio village(?), 7 km form Tadubi, Manipur",Nagaland,landslide,downpour,medium,unknown,0.0,,94.1399,25.4788
2575,2010-10-09 00:00:00,"road between Haflong and Lanka, Assam","road between Haflong and Lanka, Assam",Assam,landslide,downpour,medium,unknown,0.0,,92.9914,25.5242
2579,2010-10-09 00:00:00,"Lower Pezielietsie(Tinpati), Kohima, Manipur","Lower Pezielietsie(Tinpati), Kohima, Manipur",Nagaland,landslide,downpour,medium,unknown,0.0,,94.1076,25.682
2578,2010-10-09 00:00:00,"NH-39 in Karong area, Manipur","NH-39 in Karong area, Manipur",Nagaland,landslide,downpour,medium,unknown,0.0,,94.0462,25.3179
2577,2010-10-09 00:00:00,"NH-39 near Khongnem(?) village, between Imphal and Dimapur, Manipur","NH-39 near Khongnem(?) village, between Imphal and Dimapur, Manipur",Nagaland,landslide,downpour,medium,unknown,0.0,,93.8673,25.5265
2573,2010-10-09 00:00:00,"Haflong, Assam","Haflong, Assam",Assam,mudslide,downpour,medium,unknown,1.0,,93.0083,25.1796
2574,2010-10-09 00:00:00,"between Mahur and Maigrandisa(?) or Lumding, Assam","between Mahur and Maigrandisa(?) or Lumding, Assam",Assam,landslide,downpour,medium,unknown,0.0,,93.1477,25.4749
2587,2010-10-10 06:00:00,"Lower Chandmari area, PWD department, Kohima, Manipur","Lower Chandmari area, PWD department, Kohima, Manipur",Nagaland,landslide,downpour,medium,unknown,0.0,,94.1072,25.6623
2743,2010-11-22 00:00:00,"Tawang Monastery, Arunachal Pradesh","Tawang Monastery, Arunachal Pradesh",Arunachal Pradesh,landslide,unknown,medium,natural_slope,,,91.85672387,27.5798729
3269,2011-03-22 00:00:00,"road from other districts to Hawai(Tawai?) which is  on Lojit river, near Hayuliang,  Anjaw district, Arunachal Pradesh","road from other districts to Hawai(Tawai?) which is  on Lojit river, near Hayuliang,  Anjaw district, Arunachal Pradesh",Arunachal Pradesh,landslide,downpour,medium,unknown,0.0,,96.5242,28.0791
3525,2011-05-22 00:00:00,"Kaiphundai(?)-Tousem(in Assam) road, Tamenglong district, Manipur","Kaiphundai(?)-Tousem(in Assam) road, Tamenglong district, Manipur",Assam,landslide,downpour,medium,unknown,0.0,,93.4093,25.0672
3532,2011-05-24 00:00:00,"Silchar-Haflong rd., at Reko(Rekha )(?), near Harangajao, Barail Hills, Assam","Silchar-Haflong rd., at Reko(Rekha )(?), near Harangajao, Barail Hills, Assam",Assam,complex,downpour,medium,unknown,0.0,,92.8551,25.0888
3556,2011-05-31 14:00:00,"Roads between Tamei(Tamma?), Kangpokpi and Chalwa, Manipur","Roads between Tamei(Tamma?), Kangpokpi and Chalwa, Manipur",Manipur,landslide,continuous_rain,small,unknown,0.0,,93.8474,25.1555
3560,2011-05-31 14:30:00,"Gaoilung(Gadailong) village(?), Ward 4(?), Tamenglong, Manipur","Gaoilung(Gadailong) village(?), Ward 4(?), Tamenglong, Manipur",Manipur,landslide,downpour,medium,unknown,2.0,,93.5935,24.8286
3633,2011-06-20 00:00:00,Mokokchung,Mokokchung,Nagaland,landslide,downpour,medium,unknown,0.0,,94.5121,26.3186
3637,2011-06-21 00:00:00,"Lasumi village in Phek district, Kohima","Lasumi village in Phek district, Kohima",Nagaland,landslide,rain,medium,deforested_slope,,,94.2341227,25.51614662
3663,2011-06-28 00:00:00,"Ruzapfu valley, Kikruma Village, Phek District, Nagaland","Ruzapfu valley, Kikruma Village, Phek District, Nagaland",Nagaland,landslide,downpour,medium,unknown,0.0,,94.1099,25.6682
3662,2011-06-28 00:00:00,"Ikou-Gangpijang road, near: Ikou, Saikul, and Gangpijang; Imphal India","Ikou-Gangpijang road, near: Ikou, Saikul, and Gangpijang; Imphal India",Manipur,landslide,rain,medium,below_road,,,94.0144205,25.03561729
3672,2011-06-29 00:00:00,"Portions of NH 39, Connectin Manipur with Assam via Nagaland","Portions of NH 39, Connectin Manipur with Assam via Nagaland",Assam,landslide,downpour,medium,unknown,0.0,,93.3613,25.5125
3683,2011-07-01 00:00:00,NH-61 between Botsa and Chiechama,NH-61 between Botsa and Chiechama,Nagaland,landslide,downpour,medium,unknown,0.0,,94.1739,25.8782
3738,2011-07-06 00:00:00,"National Highway 53, Sinam Khul (near Kotlen; ~25 km from Imphal)","National Highway 53, Sinam Khul (near Kotlen; ~25 km from Imphal)",Manipur,landslide,downpour,medium,unknown,6.0,,93.9482,24.8063
3741,2011-07-07 00:00:00,Maram (80 km north of Imphal),Maram (80 km north of Imphal),Nagaland,landslide,rain,medium,unknown,0.0,,94.1079,25.4191
3760,2011-07-11 09:00:00,"NH-61, 1 km before reaching Botsa","NH-61, 1 km before reaching Botsa",Nagaland,landslide,downpour,medium,unknown,0.0,,94.1095,25.6703
3776,2011-07-15 18:00:00,Itanagar/Naharlagur/Nirjuli,Itanagar/Naharlagur/Nirjuli,Arunachal Pradesh,landslide,downpour,small,unknown,0.0,,93.7145,27.125
3789,2011-07-16 00:00:00,Mebua (8 km from Seppa),Mebua (8 km from Seppa),Arunachal Pradesh,landslide,downpour,medium,unknown,0.0,,92.9064,27.2743
3794,2011-07-17 00:00:00,West Bengal-Sikkim at highway Rambi,West Bengal-Sikkim at highway Rambi,Sikkim,landslide,rain,medium,above_road,,,88.42280921,26.99195749
3805,2011-07-19 00:00:00,200 meters from Teesta Bridge towards Siliguri,200 meters from Teesta Bridge towards Siliguri,Sikkim,landslide,rain,medium,above_road,0.0,,88.42572376,27.05374234
3806,2011-07-19 00:00:00,"Itanagar (one near Pachali power house, one near Heema Hospital, and one nearRomik Colony at P Sector)","Itanagar (one near Pachali power house, one near Heema Hospital, and one nearRomik Colony at P Sector)",Arunachal Pradesh,landslide,downpour,medium,unknown,3.0,,93.6884,27.1032
3830,2011-07-22 00:00:00,Manipur,Manipur,Manipur,landslide,downpour,small,unknown,0.0,,94.3429,24.3527
3831,2011-07-22 00:00:00,Heibok Hills,Heibok Hills,Manipur,landslide,downpour,medium,unknown,0.0,,93.948,24.7992
3837,2011-07-24 12:30:00,NH 37,NH 37,Assam,landslide,downpour,medium,unknown,0.0,,93.0038,26.5836
3840,2011-07-25 00:00:00,Manipur,Manipur,Manipur,landslide,downpour,medium,unknown,0.0,,93.9157,24.6869
3860,2011-07-29 00:00:00,"Maram, Manipur","Maram, Manipur",Nagaland,landslide,rain,medium,unknown,0.0,,94.108,25.4192
3881,2011-08-05 00:00:00,Itanagar,Itanagar,Arunachal Pradesh,landslide,downpour,medium,unknown,0.0,,93.6885,27.1034
3912,2011-08-12 00:00:00,East Kameng district in Arunachal Pradesh bordering China,East Kameng district in Arunachal Pradesh bordering China,Arunachal Pradesh,landslide,rain,medium,unknown,0.0,,92.2833,27.44
3916,2011-08-13 08:00:00,"Chumukedima, Dimapur","Chumukedima, Dimapur",Assam,mudslide,downpour,medium,unknown,0.0,,93.8067,25.7713
3925,2011-08-15 00:00:00,"East Kameng, Arunachal Pradesh","East Kameng, Arunachal Pradesh",Arunachal Pradesh,landslide,downpour,medium,unknown,0.0,,93.0153,27.4888
3927,2011-08-16 08:00:00,"Garo Hills, Tura","Garo Hills, Tura",Meghalaya,landslide,downpour,medium,unknown,6.0,,90.2167,25.5144
3932,2011-08-18 00:00:00, Botsa  and Chiechama, Botsa  and Chiechama,Nagaland,landslide,monsoon,medium,unknown,0.0,,94.13,25.83
3965,2011-09-06 08:00:00,NH 37 at Awang Khul ,NH 37 at Awang Khul ,Assam,landslide,rain,medium,unknown,3.0,,93.117,24.808
3983,2011-09-23 00:00:00,"Maighuli, Guwahati, Meghalaya","Maighuli, Guwahati, Meghalaya",Assam,landslide,downpour,large,unknown,4.0,,91.7351,26.1548
4241,2012-03-04 00:00:00,Tamei constituency in Tamenlong district,Tamei constituency in Tamenlong district,Manipur,landslide,unknown,medium,unknown,0.0,,93.6795,25.1604
4313,2012-04-08 00:00:00,"Endulin Nallah, Mayodia, 17-camp, 83-camp","Endulin Nallah, Mayodia, 17-camp, 83-camp",Arunachal Pradesh,landslide,downpour,medium,unknown,0.0,,95.86,28.4659
4378,2012-06-02 00:00:00,"Arunachal Pradesh, Dibang,","Arunachal Pradesh, Dibang,",Arunachal Pradesh,landslide,downpour,medium,unknown,,,96.1517,28.8254
4377,2012-06-02 00:00:00,"Guwahati, Assam","Guwahati, Assam",Assam,landslide,downpour,large,unknown,,,91.7356,26.1475
4382,2012-06-03 00:00:00," between Harangajao and Mailongdisa, Assa,"," between Harangajao and Mailongdisa, Assa,",Assam,landslide,downpour,medium,unknown,,,92.8573,25.1175
4383,2012-06-03 00:00:00,"between Maibang and Daotohaja, Assam","between Maibang and Daotohaja, Assam",Assam,landslide,downpour,medium,unknown,,,93.1265,25.3056
4384,2012-06-03 00:00:00,"between Haflong and  Bagetar, Assam","between Haflong and  Bagetar, Assam",Assam,landslide,downpour,medium,unknown,,,93.0123,25.1775
4394,2012-06-07 04:30:00,"Rolep, South Sikkim( Mapping to Rhenock 12 miles from Rolep)","Rolep, South Sikkim( Mapping to Rhenock 12 miles from Rolep)",Sikkim,landslide,rain,large,unknown,7.0,,88.6458,27.1748
4403,2012-06-10 00:00:00,"Imphal-Jiribam section of NH-37 , Manipur","Imphal-Jiribam section of NH-37 , Manipur",Manipur,landslide,downpour,very_large,unknown,,,93.5444,24.8142
4407,2012-06-13 00:00:00,"NH44, Malidhor area,  Baleswar","NH44, Malidhor area,  Baleswar",Assam,landslide,downpour,medium,unknown,,,92.3567,25.0951
4408,2012-06-13 00:00:00,"NH44, Kuliang","NH44, Kuliang",Meghalaya,landslide,downpour,medium,unknown,,,92.0757,25.5498
4411,2012-06-14 04:00:00,"Tathangchen, Gangtok, Sikkim ","Tathangchen, Gangtok, Sikkim ",Sikkim,landslide,downpour,medium,unknown,,,88.6065,27.339
4424,2012-06-20 00:00:00,"Lalunggaon, Guwahati,  Assam","Lalunggaon, Guwahati,  Assam",Assam,landslide,downpour,medium,unknown,,,91.7351,26.149
4426,2012-06-22 00:00:00,Lalunggaon near Gorchuk area,Lalunggaon near Gorchuk area,Assam,landslide,downpour,medium,unknown,3.0,,91.7162,26.1226
4435,2012-06-25 00:00:00,"Tirap , Arunachal Pradesh","Tirap , Arunachal Pradesh",Arunachal Pradesh,landslide,downpour,large,unknown,,,95.8011,27.174
4436,2012-06-25 00:00:00,"Khonsa, Arunachal Pradesh","Khonsa, Arunachal Pradesh",Arunachal Pradesh,landslide,downpour,medium,unknown,,,95.4993,26.9986
4434,2012-06-25 18:00:00,"Sonaighuli area near Kahilipara, Guwahati City, Assam","Sonaighuli area near Kahilipara, Guwahati City, Assam",Assam,landslide,downpour,large,unknown,1.0,,91.7369,26.1049
4446,2012-07-05 00:00:00,"Tuting, Upper Siang , Arunachal Pradesh","Tuting, Upper Siang , Arunachal Pradesh",Arunachal Pradesh,landslide,downpour,large,unknown,,,94.8885,28.9986
4552,2012-09-14 00:00:00,"Takdah, West Bengal","Takdah, West Bengal",Sikkim,landslide,downpour,medium,unknown,,,88.3603,27.0377
4556,2012-09-16 00:00:00,"Namchi to Phongla, Namchi to Melli ,Namchi to Sumbuk","Namchi to Phongla, Namchi to Melli ,Namchi to Sumbuk",Sikkim,landslide,downpour,medium,unknown,,,88.3651,27.1675
4570,2012-09-19 00:00:00, Arunachal Pradesh , Arunachal Pradesh ,Arunachal Pradesh,landslide,downpour,medium,unknown,,,95.2253,27.8458
4610,2012-11-11 00:00:00,"Dapchhuah, Mamit, Mizoram","Dapchhuah, Mamit, Mizoram",Mizoram,landslide,downpour,medium,unknown,4.0,,92.5217,23.7705
4757,2013-02-18 00:00:00,"East Siang, Arunachal Pradesh","East Siang, Arunachal Pradesh",Arunachal Pradesh,landslide,rain,medium,unknown,3.0,2.0,95.1645,28.1193
4798,2013-04-07 00:00:00,"Dibang Valley, Arunachal Pradesh","Dibang Valley, Arunachal Pradesh",Arunachal Pradesh,landslide,rain,medium,unknown,,,96.1509,28.8254
4845,2013-05-07 00:00:00,"Kolasib, Saiha, Mizoram,","Kolasib, Saiha, Mizoram,",Mizoram,mudslide,rain,medium,unknown,,,92.6755,24.2315
4848,2013-05-08 00:00:00,"Purba Simna, Tripura","Purba Simna, Tripura",Tripura,landslide,rain,medium,unknown,1.0,,91.4663,24.0896
4860,2013-05-11 00:00:00,"Boragaon, North Guwahati, Guwahati, Assam,","Boragaon, North Guwahati, Guwahati, Assam,",Assam,landslide,rain,medium,unknown,,,91.6906,26.1016
4859,2013-05-11 00:00:00,"Sarania Hills, North Guwahati, Guwahati, Assam,","Sarania Hills, North Guwahati, Guwahati, Assam,",Assam,landslide,rain,medium,unknown,,1.0,91.7599,26.1771
4858,2013-05-11 09:00:00,"Nursery, North Guwahati, Guwahati, Assam,","Nursery, North Guwahati, Guwahati, Assam,",Assam,landslide,rain,medium,unknown,,,91.7138,26.1662
4857,2013-05-11 09:00:00,"Laipuitland , Aizawl, Mizoram","Laipuitland , Aizawl, Mizoram",Mizoram,landslide,rain,large,unknown,15.0,,92.7175,23.7281
4861,2013-05-12 00:00:00,"Khongsang, Tamenglong, Manipur,","Khongsang, Tamenglong, Manipur,",Assam,mudslide,rain,medium,unknown,,,93.4946,24.9926
4892,2013-06-01 00:00:00,Upper Subansiri,Upper Subansiri,Arunachal Pradesh,landslide,downpour,large,unknown,,,94.25,27.8776
4906,2013-06-07 00:00:00,"Helipong-Chessore Road, Nagaland","Helipong-Chessore Road, Nagaland",Nagaland,landslide,unknown,medium,unknown,,,94.7499,26.0977
4905,2013-06-07 00:00:00,"Kuthur – Huker Road Via Y Anner, Chessore, Nagaland","Kuthur – Huker Road Via Y Anner, Chessore, Nagaland",Nagaland,landslide,unknown,medium,unknown,,,94.7031,26.0977
4908,2013-06-08 17:00:00,"15 Km From Gangtok, Himalayans","15 Km From Gangtok, Himalayans",Sikkim,landslide,downpour,medium,unknown,0.0,,88.708,27.3721
4990,2013-06-27 23:00:00,"Near Changu Lake, 15Km Away From Nathu La, On India-China Border In Eastern Sikkim","Near Changu Lake, 15Km Away From Nathu La, On India-China Border In Eastern Sikkim",Sikkim,landslide,downpour,medium,unknown,0.0,,88.7628,27.3765
5005,2013-07-01 00:00:00,"Walo Ward, Mon Town, Wokha District, Nagaland","Walo Ward, Mon Town, Wokha District, Nagaland",Nagaland,landslide,downpour,medium,unknown,0.0,,95.029,26.72
5006,2013-07-01 00:00:00,"Thillong Village, Doyang Along State Highway 1, Wokha To Merapani Road","Thillong Village, Doyang Along State Highway 1, Wokha To Merapani Road",Nagaland,landslide,downpour,medium,unknown,0.0,,94.3864,26.1147
5087,2013-07-12 00:00:00,"National Highway 29 Near Phesama Village, Nagaland","National Highway 29 Near Phesama Village, Nagaland",Nagaland,landslide,downpour,medium,unknown,0.0,,94.1139,25.6269
5084,2013-07-12 23:00:00,"National Highway 2 Near Phesama Village Close To Kisama Naha Heritage Site, Kohima District, Nagaland","National Highway 2 Near Phesama Village Close To Kisama Naha Heritage Site, Kohima District, Nagaland",Nagaland,landslide,downpour,medium,unknown,0.0,,94.1167,25.616
5107,2013-07-15 00:00:00,"National Highway 29 Near Phesama Village, Nagaland","National Highway 29 Near Phesama Village, Nagaland",Nagaland,landslide,rain,medium,unknown,0.0,,94.1139,25.6269
5123,2013-07-17 00:00:00,"National Highway 2 Near Meriema Village, 10 Km Away From Kohima","National Highway 2 Near Meriema Village, 10 Km Away From Kohima",Nagaland,mudslide,rain,medium,unknown,0.0,,94.0885,25.7131
5122,2013-07-17 00:00:00,"National Highway 29 Between Patkai Bridge And Kukidolong, Nagaland","National Highway 29 Between Patkai Bridge And Kukidolong, Nagaland",Nagaland,mudslide,rain,medium,unknown,0.0,,93.9413,25.7658
5250,2013-08-01 00:00:00,"Polo River At Polosang, Arunachal Pradesh","Polo River At Polosang, Arunachal Pradesh",Arunachal Pradesh,mudslide,rain,medium,unknown,,,93.0515,27.8837
5269,2013-08-04 00:00:00,"Tizu, Nagaland","Tizu, Nagaland",Nagaland,landslide,continuous_rain,medium,unknown,,,94.5234,25.8376
5275,2013-08-04 00:00:00,"Suruhuto Town, Nagaland","Suruhuto Town, Nagaland",Nagaland,landslide,monsoon,medium,unknown,,,94.6055,26.1498
5272,2013-08-04 00:00:00,"Longsa, Nagaland","Longsa, Nagaland",Nagaland,landslide,monsoon,medium,unknown,,,94.5438,26.2083
5271,2013-08-04 00:00:00,"Nanga, Nagaland","Nanga, Nagaland",Nagaland,landslide,continuous_rain,medium,unknown,,,94.5808,26.284
5268,2013-08-04 00:00:00,"Zunheboto, Nagaland","Zunheboto, Nagaland",Nagaland,landslide,continuous_rain,medium,unknown,,,94.5163,26.0137
5270,2013-08-04 00:00:00,"Phizo, Nagaland","Phizo, Nagaland",Nagaland,landslide,continuous_rain,medium,unknown,,,94.4619,26.0481
5274,2013-08-04 00:00:00,"Suruhuto Town, Nagaland","Suruhuto Town, Nagaland",Nagaland,landslide,rain,medium,unknown,,,94.564,26.0838
5273,2013-08-04 00:00:00,"Zhekuto, Nagaland","Zhekuto, Nagaland",Nagaland,landslide,monsoon,medium,unknown,,,94.5497,26.1807
5300,2013-08-09 00:00:00,"Senapati, Manipur","Senapati, Manipur",Nagaland,landslide,downpour,large,unknown,,,94.0441,25.318
5312,2013-08-11 23:00:00,Kangtsung Village,Kangtsung Village,Assam,landslide,downpour,very_large,unknown,0.0,,94.693,26.7103
5427,2013-08-15 00:00:00,"Koide Government High School, Senapati, Manipur","Koide Government High School, Senapati, Manipur",Nagaland,landslide,downpour,medium,unknown,,,94.1884,25.3833
5337,2013-08-16 00:00:00,"Yakshu, Nagaland","Yakshu, Nagaland",Nagaland,landslide,rain,medium,unknown,,,94.9731,26.4205
5338,2013-08-16 00:00:00,"Longlem, Nagaland","Longlem, Nagaland",Assam,landslide,rain,medium,unknown,,,94.9275,26.8727
5336,2013-08-16 00:00:00,"Tobu, Nagaland","Tobu, Nagaland",Nagaland,landslide,rain,medium,unknown,,,94.9439,26.3897
5343,2013-08-17 23:00:00,The Imphal-Jiribam Section Of Nh-37 In Tamenglong District,The Imphal-Jiribam Section Of Nh-37 In Tamenglong District,Assam,landslide,continuous_rain,medium,unknown,,,93.4341,24.7625
5421,2013-08-30 00:00:00,"Yakshu, Nagaland","Yakshu, Nagaland",Nagaland,mudslide,unknown,medium,unknown,,,94.9731,26.4205
5430,2013-09-01 00:00:00,"Tamenglong- Khongsang Road, Manipur","Tamenglong- Khongsang Road, Manipur",Manipur,mudslide,continuous_rain,medium,unknown,0.0,,93.487,24.9037
5431,2013-09-01 00:00:00,"Tamenglong, Manipur","Tamenglong, Manipur",Assam,mudslide,continuous_rain,medium,unknown,0.0,,93.5063,24.9829
5429,2013-09-01 18:00:00,Tamabong Village In Sikkim State,Tamabong Village In Sikkim State,Sikkim,landslide,downpour,medium,unknown,5.0,,88.2426,27.3425
5442,2013-09-02 00:00:00,Arunachal Pradesh,Arunachal Pradesh,Arunachal Pradesh,landslide,downpour,large,unknown,,,93.7525,27.1614
5441,2013-09-02 00:00:00,"Gosang Village Under Jengging Circle, Arunachal Pradesh","Gosang Village Under Jengging Circle, Arunachal Pradesh",Arunachal Pradesh,landslide,downpour,large,unknown,,,94.9829,28.611
5476,2013-09-07 15:00:00,14 Milestone Of J N Marg Near Kyangnosola (East Sikkim),14 Milestone Of J N Marg Near Kyangnosola (East Sikkim),Sikkim,landslide,rain,medium,unknown,0.0,,88.7323,27.3736
5552,2013-09-24 00:00:00,"Ukhrul, Manipur","Ukhrul, Manipur",Manipur,landslide,unknown,medium,unknown,,,94.3619,25.0985
5575,2013-10-05 23:00:00,"Chiechama, Nagaland","Chiechama, Nagaland",Nagaland,mudslide,continuous_rain,medium,unknown,0.0,,94.1497,25.8266
5584,2013-10-06 00:00:00,"Nilachal Hill, Guwahati, Assam","Nilachal Hill, Guwahati, Assam",Assam,landslide,downpour,medium,unknown,0.0,,91.7049,26.1665
5582,2013-10-06 12:45:00,"Batahguli, Guwahati, Assam","Batahguli, Guwahati, Assam",Assam,landslide,downpour,medium,unknown,1.0,,91.8383,26.1309
5603,2013-10-13 19:30:00,"Tusom, Manipur","Tusom, Manipur",Manipur,mudslide,downpour,medium,unknown,0.0,,94.6024,25.426
6015,2014-05-08 00:00:00,Lohit District of Arunachal Pradesh,Lohit District of Arunachal Pradesh,Arunachal Pradesh,mudslide,rain,medium,above_road,0.0,0.0,96.174,27.9032
6016,2014-05-09 23:00:00,"Satgarakul Village, Karimganj, Assam State","Satgarakul Village, Karimganj, Assam State",Assam,landslide,rain,small,unknown,7.0,0.0,92.3576,24.8669
6105,2014-06-26 23:00:00,Arunachal Pradesh,Arunachal Pradesh,Arunachal Pradesh,landslide,continuous_rain,medium,above_road,0.0,0.0,95.3429,28.9205
6106,2014-06-26 23:00:00,Narakasur,Narakasur,Assam,landslide,continuous_rain,small,unknown,3.0,0.0,91.7645,26.1407
6107,2014-06-26 23:00:00,Bamunimaidam,Bamunimaidam,Assam,landslide,continuous_rain,small,unknown,1.0,0.0,91.7896,26.1844
6110,2014-06-27 00:00:00,"Bhangagarh, Assam","Bhangagarh, Assam",Assam,landslide,rain,small,unknown,3.0,0.0,91.7697,26.1619
6112,2014-06-28 09:00:00,"Kharghuli Hills, Assam","Kharghuli Hills, Assam",Assam,landslide,rain,medium,unknown,0.0,0.0,91.7652,26.1964
6143,2014-07-14 18:00:00,"Zembabawk, Aizawl","Zembabawk, Aizawl",Mizoram,landslide,downpour,medium,unknown,1.0,2.0,92.7463,23.7327
6513,2014-08-14 23:00:00,Sabroom,Sabroom,Tripura,mudslide,downpour,medium,unknown,3.0,0.0,91.7174,23.0137
6200,2014-08-17 00:00:00,Arunachal Pradesh/Itanagar,Arunachal Pradesh/Itanagar,Arunachal Pradesh,landslide,downpour,large,unknown,0.0,0.0,93.6086,27.0869
6331,2014-09-08 00:00:00,Kiphire-Seyochung road near Yangzitong village,Kiphire-Seyochung road near Yangzitong village,Nagaland,mudslide,unknown,medium,unknown,0.0,0.0,94.6279,25.9466
6291,2014-09-21 00:00:00,National Highway 51,National Highway 51,Meghalaya,landslide,continuous_rain,large,unknown,0.0,0.0,90.3852,25.7354
6286,2014-09-22 00:00:00,Garchuk,Garchuk,Assam,landslide,rain,small,unknown,0.0,0.0,91.7082,26.1044
6282,2014-09-22 00:00:00,Lalmati,Lalmati,Assam,landslide,rain,small,urban,1.0,0.0,91.7747,26.1097
6287,2014-09-22 00:00:00,Dhirenpara,Dhirenpara,Assam,landslide,rain,small,unknown,0.0,0.0,91.7056,26.1295
6289,2014-09-22 00:00:00,Pamohi,Pamohi,Assam,landslide,rain,small,unknown,0.0,0.0,91.6849,26.1001
6283,2014-09-22 00:00:00,Dakhingaon,Dakhingaon,Assam,landslide,rain,small,unknown,0.0,0.0,91.7548,26.1314
6285,2014-09-22 00:00:00,VIP Road,VIP Road,Assam,landslide,rain,small,above_road,0.0,0.0,91.8178,26.159
6288,2014-09-22 00:00:00,Noonmati,Noonmati,Assam,landslide,rain,small,unknown,0.0,0.0,91.7998,26.1985
6284,2014-09-22 00:00:00,Batahghuli,Batahghuli,Assam,landslide,rain,small,unknown,0.0,1.0,91.8342,26.1324
6292,2014-09-23 00:00:00,Hatsingimari,Hatsingimari,Assam,landslide,continuous_rain,small,unknown,1.0,0.0,89.9032,25.7238
6290,2014-09-23 03:00:00,Mawbah under Mawprem area,Mawbah under Mawprem area,Meghalaya,landslide,continuous_rain,small,urban,8.0,1.0,91.8666,25.5772
6213,2014-09-24 00:00:00,Meghalaya,Meghalaya,Meghalaya,landslide,continuous_rain,large,unknown,0.0,0.0,90.5763,25.8143
6222,2014-10-01 11:00:00,Karsingsa block point,Karsingsa block point,Arunachal Pradesh,landslide,unknown,small,above_road,5.0,0.0,93.7706,27.1249
6214,2014-10-05 17:45:00,Jorabat-Umiam route,Jorabat-Umiam route,Meghalaya,landslide,rain,medium,above_road,1.0,0.0,91.8587,25.9702
6293,2014-10-20 00:00:00,South West Garo Hills,South West Garo Hills,Meghalaya,landslide,rain,medium,unknown,6.0,0.0,90.0896,25.5006
6775,2015-02-14 00:00:00,Kailashpur hill,Kailashpur hill,Assam,landslide,mining,small,mine,1.0,2.0,91.6469,26.1468
6786,2015-02-19 23:00:00,"Hailākāndi : Two labourers died while another was injured in a landslide in Assam's Hailakandi district, the police said today.",,Assam,landslide,mining,medium,mine,2.0,1.0,92.562,24.6108
7591,2015-03-19 00:00:00,Ratacherra,Ratacherra,Assam,landslide,rain,small,unknown,0.0,0.0,92.4584,25.0318
7031,2015-05-24 00:00:00,"Bop, Sikkim","Bop, Sikkim",Sikkim,landslide,unknown,medium,above_road,0.0,0.0,88.6586,27.6163
6971,2015-06-09 00:00:00,"Itanagar, Arunachal Pradesh","Itanagar, Arunachal Pradesh",Arunachal Pradesh,landslide,continuous_rain,medium,above_road,2.0,2.0,93.816,27.0987
6968,2015-06-13 00:00:00,"Ratacherra village along the NH-44 connecting to Barak Valley in Assam and Tripura, Meghalaya, Mizoramon","Ratacherra village along the NH-44 connecting to Barak Valley in Assam and Tripura, Meghalaya, Mizoramon",Meghalaya,landslide,continuous_rain,medium,unknown,4.0,2.0,92.2121,25.463
6970,2015-06-16 00:00:00,Akonggre,Akonggre,Meghalaya,rock_fall,downpour,small,above_road,1.0,0.0,90.2191,25.5084
6969,2015-06-16 06:15:00,"Nakham Bazaar, Tura, Meghalaya","Nakham Bazaar, Tura, Meghalaya",Meghalaya,landslide,downpour,medium,urban,4.0,0.0,90.215,25.5114
6945,2015-06-19 00:00:00,"amei to Kangpokpi via Imphal road, 0.5 km from Tamei, Tamenglang District","amei to Kangpokpi via Imphal road, 0.5 km from Tamei, Tamenglang District",Manipur,landslide,monsoon,medium,above_road,0.0,0.0,93.686,25.16
6963,2015-06-19 00:00:00,"Muanna locality, Mizoram","Muanna locality, Mizoram",Mizoram,landslide,rain,medium,natural_slope,0.0,0.0,92.7362,23.7131
6990,2015-06-24 00:00:00,"New Land (""""New Colony"""")","New Land (""""New Colony"""")",Nagaland,landslide,continuous_rain,medium,above_road,0.0,0.0,94.5466,26.0319
7138,2015-07-07 00:00:00,"NH-10, Sepi Jhora, Kalimpong","NH-10, Sepi Jhora, Kalimpong",Sikkim,landslide,continuous_rain,small,above_road,0.0,0.0,88.4397,27.0816
7214,2015-07-15 08:00:00,Type-IV Colony of Seppa in East Kameng,Type-IV Colony of Seppa in East Kameng,Arunachal Pradesh,landslide,monsoon,medium,urban,3.0,0.0,93.0385,27.36
7265,2015-07-22 00:00:00,Willong-Yangkhullen stretch,Willong-Yangkhullen stretch,Manipur,landslide,continuous_rain,medium,above_road,0.0,0.0,93.9854,25.5007
7253,2015-07-22 00:00:00,Lakhipur,Lakhipur,Assam,landslide,continuous_rain,medium,urban,5.0,0.0,92.9974,24.7979
7267,2015-07-22 00:00:00,NH-2 between Senapati and Mao,NH-2 between Senapati and Mao,Manipur,landslide,continuous_rain,small,above_road,0.0,0.0,94.0926,25.3908
7264,2015-07-22 00:00:00,22 kms to 30 kms between Sangkungmai and Willong,22 kms to 30 kms between Sangkungmai and Willong,Manipur,landslide,continuous_rain,medium,above_road,0.0,0.0,93.9827,25.4538
7263,2015-07-22 00:00:00,"15 kms from Maram, National Highway-102/A (Maram Peren road)","15 kms from Maram, National Highway-102/A (Maram Peren road)",Manipur,landslide,continuous_rain,medium,above_road,0.0,0.0,94.0489,25.4477
7266,2015-07-22 00:00:00,Yangkhullen-Tamphung road till Nagaland border,Yangkhullen-Tamphung road till Nagaland border,Manipur,landslide,continuous_rain,medium,above_road,0.0,0.0,93.8794,25.5098
7279,2015-07-24 00:00:00,Tamenglong Ward No-IV,Tamenglong Ward No-IV,Manipur,mudslide,monsoon,medium,other,0.0,0.0,93.5142,24.9818
7276,2015-07-25 09:00:00,"Dispur : According to report, a huge hillock slipped into the house after heavy rain where Dinesh Bodo along with his wife and daughter lived in. Thi*",,Assam,landslide,continuous_rain,medium,natural_slope,2.0,0.0,91.8717,26.1062
7364,2015-07-31 09:00:00,Phungyar road,Phungyar road,Manipur,landslide,continuous_rain,medium,below_road,0.0,0.0,94.3551,24.819
7372,2015-07-31 23:00:00,Naga Gate along the Ukhrul-Imphal route,Naga Gate along the Ukhrul-Imphal route,Manipur,mudslide,continuous_rain,medium,above_road,0.0,0.0,94.3415,25.0634
7389,2015-08-01 00:00:00,between Bongyang and Lokchao along the Imphal-Moreh highway,between Bongyang and Lokchao along the Imphal-Moreh highway,Manipur,landslide,continuous_rain,medium,above_road,0.0,0.0,94.0644,24.4072
7371,2015-08-01 00:00:00,near S Lamphei Lamkhai and Sehlon village,near S Lamphei Lamkhai and Sehlon village,Manipur,landslide,continuous_rain,medium,unknown,0.0,0.0,94.0573,23.9939
7374,2015-08-01 00:00:00,Ukhrul town Circular road from Rayotang to Viewland Zone II,Ukhrul town Circular road from Rayotang to Viewland Zone II,Manipur,landslide,continuous_rain,medium,below_road,0.0,0.0,94.3591,25.1122
7385,2015-08-01 00:00:00,"Holenjang, Chandel district","Holenjang, Chandel district",Manipur,landslide,continuous_rain,medium,unknown,0.0,0.0,93.9815,24.004
7369,2015-08-01 00:00:00,between Chalong and Paraolon,between Chalong and Paraolon,Manipur,landslide,continuous_rain,medium,above_road,0.0,0.0,94.1016,24.1988
7373,2015-08-01 00:00:00,between Maku village and Kamjong sub division,between Maku village and Kamjong sub division,Manipur,landslide,continuous_rain,medium,above_road,,,94.4759,24.9111
7390,2015-08-01 00:00:00,between Tengnoupal-Sita junction and Tengnoupal Power Sub-Station,between Tengnoupal-Sita junction and Tengnoupal Power Sub-Station,Manipur,landslide,continuous_rain,medium,above_road,0.0,0.0,94.1913,24.4265
7384,2015-08-01 00:00:00,"Wayang, Khengjoi","Wayang, Khengjoi",Manipur,landslide,rain,medium,unknown,0.0,0.0,94.0906,23.9278
7375,2015-08-01 00:00:00,Ukhrul NH 201-Jessami road,Ukhrul NH 201-Jessami road,Manipur,landslide,continuous_rain,medium,above_road,0.0,0.0,94.4481,25.1941
7370,2015-08-01 00:00:00,between Moltuk to New Songjang village,between Moltuk to New Songjang village,Manipur,landslide,continuous_rain,medium,above_road,0.0,0.0,94.1078,24.1419
7910,2015-08-01 00:00:00,Chandel,Chandel,Manipur,landslide,unknown,medium,above_road,0.0,0.0,94.1146,24.3481
7383,2015-08-01 00:00:00,"Tuitung village, Khengjoi","Tuitung village, Khengjoi",Manipur,landslide,rain,medium,unknown,0.0,0.0,94.1434,23.899
7388,2015-08-01 00:00:00,Senam,Senam,Manipur,landslide,continuous_rain,medium,unknown,0.0,0.0,94.0984,24.416
7387,2015-08-01 00:00:00,Imphal-Ukhrul road,Imphal-Ukhrul road,Manipur,landslide,continuous_rain,small,below_road,0.0,0.0,94.2156,24.954
7409,2015-08-02 00:00:00,Meluri Sub-Division in Phek District of Nagaland,Meluri Sub-Division in Phek District of Nagaland,Nagaland,landslide,continuous_rain,medium,unknown,0.0,0.0,94.6219,25.72
7664,2015-08-11 00:00:00,Nungba,Nungba,Manipur,landslide,continuous_rain,medium,unknown,0.0,0.0,93.4251,24.7459
7666,2015-08-11 00:00:00,Tousem,Tousem,Manipur,landslide,continuous_rain,medium,unknown,0.0,0.0,93.3729,25.1019
7665,2015-08-11 00:00:00,Khoupum,Khoupum,Manipur,landslide,continuous_rain,medium,unknown,0.0,0.0,93.5291,24.7016
7660,2015-08-12 00:00:00,Phesama village,Phesama village,Nagaland,mudslide,continuous_rain,medium,below_road,0.0,0.0,94.1136,25.6237
7887,2015-08-16 00:00:00,Hawai,Hawai,Arunachal Pradesh,landslide,continuous_rain,medium,above_road,0.0,0.0,96.9262,27.8835
7334,2015-08-18 00:00:00,Arunachal Pradesh,Arunachal Pradesh,Arunachal Pradesh,landslide,unknown,medium,unknown,1.0,0.0,94.7596,28.1737
7335,2015-08-18 09:00:00,Tura Civil Hospital,Tura Civil Hospital,Meghalaya,landslide,continuous_rain,medium,urban,0.0,0.0,90.2023,25.5145
7699,2015-08-19 00:00:00,Zunheboto district,Zunheboto district,Nagaland,landslide,continuous_rain,medium,unknown,0.0,0.0,94.5224,26.0214
7706,2015-08-19 00:00:00,National Highway at Kuliang,National Highway at Kuliang,Meghalaya,landslide,rain,medium,above_road,0.0,0.0,92.3636,25.0728
7590,2015-08-19 00:00:00,Tongseng,Tongseng,Meghalaya,landslide,rain,small,unknown,0.0,0.0,92.3807,25.1416
7589,2015-08-19 00:00:00,National Highway 44,National Highway 44,Meghalaya,landslide,rain,medium,above_road,0.0,0.0,92.3825,25.2568
7336,2015-08-19 09:00:00,NH-62 at Sibbari,NH-62 at Sibbari,Meghalaya,landslide,continuous_rain,medium,above_road,0.0,0.0,90.5549,25.2193
7701,2015-08-19 15:00:00,Phesama,Phesama,Nagaland,landslide,continuous_rain,medium,above_road,0.0,0.0,94.1051,25.6278
7727,2015-08-20 18:00:00,between Phesama and Kuima in Nagaland,between Phesama and Kuima in Nagaland,Nagaland,landslide,continuous_rain,medium,below_road,0.0,0.0,94.1057,25.6263
7728,2015-08-22 09:00:00,Natonal Highway in Jorabat area,Natonal Highway in Jorabat area,Assam,landslide,continuous_rain,medium,above_road,0.0,0.0,91.8806,26.1028
7780,2015-08-26 00:00:00,Sailam village,Sailam village,Mizoram,landslide,continuous_rain,medium,above_road,1.0,0.0,92.7878,23.3572
7778,2015-08-26 00:00:00,Phullen’s main road,Phullen’s main road,Mizoram,mudslide,continuous_rain,medium,above_road,0.0,0.0,93.0514,23.8447
7836,2015-08-27 00:00:00,"National Highway 54, at Kawnpui town","National Highway 54, at Kawnpui town",Mizoram,landslide,downpour,medium,above_road,0.0,0.0,92.6724,24.042
7837,2015-08-27 00:00:00,three graveyards within Aizawl,three graveyards within Aizawl,Mizoram,landslide,downpour,medium,urban,0.0,0.0,92.7265,23.7269
7972,2015-08-28 01:45:00,"Mizoram, India","Mizoram, India",Mizoram,landslide,downpour,large,unknown,0.0,0.0,92.8112,23.4495
7933,2015-09-01 00:00:00,Maligaon,Maligaon,Assam,rock_fall,rain,medium,unknown,2.0,0.0,91.6739,26.1868
7923,2015-09-01 00:00:00,Amingaon,Amingaon,Assam,landslide,rain,medium,unknown,2.0,0.0,91.72137514,26.49349035
7956,2015-09-05 00:00:00,Byrnihat,Byrnihat,Meghalaya,landslide,unknown,medium,above_road,0.0,0.0,91.8695,26.048
8012,2015-09-06 15:00:00,"Umling, Meghalaya 793102, India","Umling, Meghalaya 793102, India",Meghalaya,landslide,unknown,medium,above_road,0.0,0.0,91.8584,25.9703
8224,2015-09-14 01:30:00,"Aizawl, Mizoram, India","Aizawl, Mizoram, India",Mizoram,landslide,downpour,medium,above_road,0.0,0.0,92.7187,23.7313
8223,2015-09-14 03:10:00,"Aizawl, Mizoram, India","Aizawl, Mizoram, India",Mizoram,landslide,downpour,large,above_road,0.0,0.0,92.7187,23.7348
8339,2015-09-23 00:00:00,Kamakhya Temple,Kamakhya Temple,Assam,landslide,continuous_rain,medium,above_road,0.0,0.0,91.7042,26.1666
8366,2015-09-23 15:00:00,"Shillong, Meghalaya, India","Shillong, Meghalaya, India",Meghalaya,landslide,downpour,medium,natural_slope,2.0,1.0,91.893,25.583
9405,2016-04-19 00:00:00,"Techahan Ward, Mon, Nagaland, India","Techahan Ward, Mon, Nagaland, India",Nagaland,landslide,continuous_rain,medium,unknown,0.0,0.0,95.0243,26.7223
7655,2016-04-22 02:30:00,"Tawang, Arunachal Pradesh","Tawang, Arunachal Pradesh",Arunachal Pradesh,landslide,continuous_rain,medium,above_road,17.0,0.0,91.8569,27.5799
9404,2016-05-01 00:00:00,"Hayuliang, Anjaw district,Arunachal Pradesh, India","Hayuliang, Anjaw district,Arunachal Pradesh, India",Arunachal Pradesh,landslide,downpour,medium,above_road,0.0,0.0,96.5316,28.0822
9338,2016-05-18 08:00:00,"Sonachirra, Karimganj district, Assam, India","Sonachirra, Karimganj district, Assam, India",Assam,landslide,continuous_rain,medium,natural_slope,5.0,0.0,92.4943,24.4638
9335,2016-05-18 08:00:00,"Bilaipur, Hailakandi district, Assam, India","Bilaipur, Hailakandi district, Assam, India",Assam,landslide,continuous_rain,unknown,unknown,2.0,0.0,92.7239,24.5202
9336,2016-05-18 08:00:00,"Ramchandi , Hailakandi District, Assam, India","Ramchandi , Hailakandi District, Assam, India",Assam,landslide,continuous_rain,small,unknown,1.0,0.0,92.5121,24.5308
9334,2016-05-18 08:00:00,"Bilaipur, Hailakandi district, Assam, India","Bilaipur, Hailakandi district, Assam, India",Assam,landslide,continuous_rain,unknown,unknown,2.0,0.0,92.7264,24.5204
9169,2016-06-12 00:00:00,"on road between Mon and Tobu near Telangsao Hydro project , Nagaland, India","on road between Mon and Tobu near Telangsao Hydro project , Nagaland, India",Nagaland,landslide,continuous_rain,unknown,above_road,0.0,0.0,94.2442,26.1677
9168,2016-06-12 23:00:00,"NH 13 10 kilometers from Old Ziro, Arunachal Pradesh, India","NH 13 10 kilometers from Old Ziro, Arunachal Pradesh, India",Arunachal Pradesh,landslide,downpour,medium,above_road,0.0,0.0,93.871,27.6438
9142,2016-06-14 08:00:00,"lower Majakong Ward, Mokokchung, Nagaland, India","lower Majakong Ward, Mokokchung, Nagaland, India",Nagaland,landslide,continuous_rain,medium,retaining_wall,0.0,0.0,94.5247,26.3185
8222,2016-06-22 12:00:00,"Piyali Phukan Nagar, Guwahati, India","Piyali Phukan Nagar, Guwahati, India",Assam,mudslide,downpour,medium,natural_slope,1.0,0.0,91.7825,26.1961
8237,2016-07-01 00:00:00,"Old Inspection Bungalow, Bhalukpong town, West Kameng, Arunachal Pradesh, India","Old Inspection Bungalow, Bhalukpong town, West Kameng, Arunachal Pradesh, India",Arunachal Pradesh,landslide,downpour,large,unknown,5.0,3.0,92.6351,27.0136
8684,2016-07-07 00:00:00,"Kamrup district, Assam, India","Kamrup district, Assam, India",Assam,landslide,continuous_rain,medium,retaining_wall,2.0,2.0,91.3681,25.9611
8900,2016-07-07 00:00:00,"Imphal-Ukhrul sector of National Highway 102, Manipur, India","Imphal-Ukhrul sector of National Highway 102, Manipur, India",Manipur,landslide,monsoon,large,above_road,0.0,0.0,94.3136,25.0118
8901,2016-07-10 00:00:00,"National Highway 2, near Kohima, Nagaland, India","National Highway 2, near Kohima, Nagaland, India",Nagaland,landslide,downpour,medium,above_road,0.0,0.0,94.1318,25.7902
8930,2016-07-11 23:00:00,"North Point Colony, Akuluto, Nagaland, India","North Point Colony, Akuluto, Nagaland, India",Nagaland,landslide,unknown,large,unknown,0.0,0.0,94.4922,26.1699
8996,2016-07-14 00:00:00,"Pub Sarania hill, South Sarania, Guwahati, Assam, India","Pub Sarania hill, South Sarania, Guwahati, Assam, India",Assam,landslide,monsoon,small,natural_slope,1.0,0.0,91.7702,26.1768
8995,2016-07-14 00:00:00,"Noonmati Nijarapar area of the city, Guwahati, Assam, India","Noonmati Nijarapar area of the city, Guwahati, Assam, India",Assam,landslide,monsoon,small,unknown,1.0,0.0,91.8074,26.1963
9010,2016-07-16 00:00:00,"Hoj-Potin Highway, Arunachal Pradesh, India","Hoj-Potin Highway, Arunachal Pradesh, India",Arunachal Pradesh,mudslide,downpour,medium,above_road,1.0,0.0,93.804,27.3034
9124,2016-07-19 00:00:00,"Rongthragittim Songittal village, near Sibbari, South Garo Hills District, Meghalaya, India","Rongthragittim Songittal village, near Sibbari, South Garo Hills District, Meghalaya, India",Meghalaya,translational_slide,continuous_rain,large,natural_slope,0.0,0.0,90.5573,25.203
9087,2016-07-19 00:00:00,"5 km off Sangam point on Aalo- Pangin road, Arunachal Pradesh, India","5 km off Sangam point on Aalo- Pangin road, Arunachal Pradesh, India",Arunachal Pradesh,landslide,downpour,medium,above_road,0.0,0.0,94.9612,28.235
9051,2016-07-19 09:00:00,"12th Mile area at Jorabat, Meghalaya, India","12th Mile area at Jorabat, Meghalaya, India",Meghalaya,landslide,unknown,medium,natural_slope,0.0,1.0,91.8744337,26.09748244
9122,2016-07-20 00:00:00,"Noonmati, Guwahati, Assam, India","Noonmati, Guwahati, Assam, India",Assam,landslide,rain,medium,unknown,0.0,0.0,91.802,26.1966
9186,2016-07-25 12:30:00,"Imphal-Dimapur road  in Tadubi, Senapati district, Manipur, India","Imphal-Dimapur road  in Tadubi, Senapati district, Manipur, India",Manipur,landslide,continuous_rain,medium,above_road,0.0,1.0,94.1383,25.48
9219,2016-07-26 23:00:00,"Zunheboto, Nagaland, India","Zunheboto, Nagaland, India",Nagaland,landslide,downpour,medium,retaining_wall,0.0,0.0,94.5282,26.0101
9252,2016-07-28 00:00:00,"Dolma Lhakang complex, Lumla, Tawang,  Arunachal Pradesh, India","Dolma Lhakang complex, Lumla, Tawang,  Arunachal Pradesh, India",Arunachal Pradesh,landslide,monsoon,medium,unknown,0.0,0.0,91.8644,27.5748
9232,2016-07-28 23:00:00,"Ngur, near Mizoram-Myanmar border, India","Ngur, near Mizoram-Myanmar border, India",Mizoram,landslide,continuous_rain,medium,unknown,2.0,6.0,93.3783,23.5397
9251,2016-07-28 23:00:00,"Government Middle School (GMS) Kiphire station “B”, Kiphire, Nagaland, India","Government Middle School (GMS) Kiphire station “B”, Kiphire, Nagaland, India",Nagaland,landslide,downpour,medium,retaining_wall,0.0,0.0,94.7844,25.8702
9464,2016-08-05 00:00:00,Babrang village under Jang circle in Tawang district,Babrang village under Jang circle in Tawang district,Arunachal Pradesh,landslide,downpour,medium,unknown,0.0,3.0,91.9754,27.5754
9604,2016-10-12 00:00:00,Legship,Legship,Sikkim,landslide,continuous_rain,medium,above_road,0.0,0.0,88.2891,27.2676
9619,2016-10-15 00:00:00,Namchi,Namchi,Sikkim,landslide,rain,medium,above_road,0.0,0.0,88.3664,27.1695
9620,2016-10-15 00:00:00,Rangpo,Rangpo,Sikkim,landslide,downpour,medium,above_road,0.0,0.0,88.5292,27.172
