event_id,event_date,event_title,location_description,ner_state,landslide_category,landslide_trigger,landslide_size,landslide_setting,fatality_count,injury_count,longitude,latitude,elevation_m,slope_degree,aspect_degree
78,2007-05-23 00:00:00,"Pangthang, on road b/t Gangtok and North Sikkim","Pangthang, on road b/t Gangtok and North Sikkim",Sikkim,landslide,rain,medium,unknown,,,88.6069,27.3383,1469.758056640625,17.94398388888501,255.26301919686688
126,2007-07-16 00:00:00,Bardang near Singtam,Bardang near Singtam,Sikkim,mudslide,rain,medium,unknown,,,88.38,27.1499,1178.104248046875,18.460045659504644,338.49080778614706
130,2007-07-19 00:00:00,Guwahati,Guwahati,Assam,landslide,rain,medium,unknown,6.0,,91.7986,26.1699,139.7529296875,1.150776366449367,273.25704137684716
141,2007-07-26 00:00:00,Singtam,Singtam,Meghalaya,landslide,rain,medium,unknown,,,91.88,25.38,1183.9072265625,26.729171644206307,78.28908991352984
142,2007-07-27 00:00:00,Tura,Tura,Meghalaya,rock_fall,rain,large,unknown,8.0,,90.232,25.5212,556.3187866210938,18.161223331691833,296.6346602080793
148,2007-07-30 00:00:00,Saiha,Saiha,Mizoram,landslide,downpour,medium,unknown,,,92.967,22.479,,,
147,2007-07-30 00:00:00,Lawngtlai,Lawngtlai,Mizoram,landslide,downpour,medium,unknown,,,92.899,22.533,,,
211,2007-08-26 00:00:00,Tamenglong,Tamenglong,Manipur,mudslide,continuous_rain,medium,unknown,1.0,,93.55,24.9667,593.2677001953125,9.033307194090467,272.87453137637533
213,2007-08-26 00:00:00,Shillong Road at Kuliang in the Jaintia Hills,Shillong Road at Kuliang in the Jaintia Hills,Assam,landslide,rain,medium,unknown,,,92.8339,25.2946,866.6158447265625,8.047162645630273,28.22589519606862
212,2007-08-26 00:00:00,National Highway No 44 at Sonarpur in Meghalaya,National Highway No 44 at Sonarpur in Meghalaya,Meghalaya,complex,rain,medium,unknown,,,91.8506,25.5576,1658.1741943359375,3.944564736044552,54.566847946680696
215,2007-08-28 00:00:00,Phesema area at National Highway 39,Phesema area at National Highway 39,Nagaland,landslide,rain,medium,unknown,1.0,,93.9136,25.7428,483.72894287109375,5.545715255344877,217.545121264143
220,2007-08-31 00:00:00,"Velnal village, Tamei sub-division and Toribari village (3 kilometer toward Tamei from Kangpokpi)","Velnal village, Tamei sub-division and Toribari village (3 kilometer toward Tamei from Kangpokpi)",Manipur,landslide,rain,medium,unknown,,,93.9667,25.1333,1013.5531005859375,2.1161684327771955,229.28498003057123
247,2007-09-08 00:00:00,"Lower Shajouba village near Tadubi along NH 39, Manipur ","Lower Shajouba village near Tadubi along NH 39, Manipur ",Manipur,landslide,rain,medium,unknown,,,93.9877,25.0604,1451.440185546875,5.5229440656559,98.99110219232244
251,2007-09-09 00:00:00,Hingdam village in South Sikkim,Hingdam village in South Sikkim,Sikkim,landslide,rain,medium,unknown,1.0,,88.35,27.1667,1056.92578125,24.816828260224955,309.410111185784
252,2007-09-09 00:00:00,"Mao in Manipur, Phipema and Chunikhudima in Nagaland","Mao in Manipur, Phipema and Chunikhudima in Nagaland",Nagaland,landslide,rain,medium,unknown,,,94.1192,25.4993,1997.084228515625,1.322223075465551,114.42213010415014
255,2007-09-10 00:00:00,Wamkhu village along the Tengnoupal-Joupi road in Chandel district,Wamkhu village along the Tengnoupal-Joupi road in Chandel district,Manipur,landslide,rain,medium,unknown,,,94.0691,24.2451,1243.0540771484375,16.400017157937622,136.30742401944758
256,2007-09-10 00:00:00,Rhodong village near Rhey in East Sikkim,Rhodong village near Rhey in East Sikkim,Sikkim,landslide,rain,medium,unknown,,,88.6236,27.3425,2014.58447265625,14.673609009819831,178.26255295287672
259,2007-09-11 00:00:00,"Assam-Agartala National Highway, Sonarpur in Jayantiya hills of Meghalaya","Assam-Agartala National Highway, Sonarpur in Jayantiya hills of Meghalaya",Meghalaya,landslide,rain,medium,unknown,,,91.27,25.52,1337.01953125,1.6176414347499748,337.76361696007945
258,2007-09-11 00:00:00,"NH-39 at Imphal-Moreh section, Lokchao largest event","NH-39 at Imphal-Moreh section, Lokchao largest event",Manipur,landslide,rain,medium,unknown,3.0,,94.0564,24.4279,855.2040405273438,4.749735885853616,16.25409127576404
264,2007-09-13 00:00:00,Guwahati,Guwahati,Assam,landslide,rain,medium,unknown,,,91.8,26.1833,72.29508972167969,0.8982887354826263,184.72537245283925
269,2007-09-18 00:00:00,Geyzing-Jorethang road and Naya Bazar-Legship road,Geyzing-Jorethang road and Naya Bazar-Legship road,Sikkim,landslide,rain,medium,unknown,,,88.2816,27.2872,753.7874755859375,21.113069666591883,288.1881731233456
285,2007-09-29 00:00:00,"National Highway, 45 Aizwal (Mizoram)","National Highway, 45 Aizwal (Mizoram)",Mizoram,landslide,rain,medium,unknown,,,92.6921,24.1293,769.6942138671875,2.6331521248717906,43.93546991991616
313,2007-10-16 00:00:00,"NH-39 at Piphema,  6 km towards Dimapur from Kohima in Nagaland","NH-39 at Piphema,  6 km towards Dimapur from Kohima in Nagaland",Nagaland,landslide,rain,large,unknown,,,94.0132,25.7055,1421.5885009765625,15.4376377177618,126.54285061130884
319,2007-10-19 00:00:00,"Maram-Purul Road, Karong Assembly Constituency of Senapati district, Manipur","Maram-Purul Road, Karong Assembly Constituency of Senapati district, Manipur",Nagaland,landslide,rain,medium,unknown,,,94.1162,25.4379,1478.8232421875,13.167278824071413,221.08207849733128
322,2007-10-21 00:00:00,National Highway 53 at Nungba in Tamenglong district of Manipur,National Highway 53 at Nungba in Tamenglong district of Manipur,Assam,landslide,rain,medium,unknown,,,93.4333,24.75,362.1705322265625,15.483210744660207,108.05906285383469
545,2008-05-20 00:00:00,"A Cachar District village, near village of Srinager, Assam","A Cachar District village, near village of Srinager, Assam",Assam,mudslide,mining,medium,unknown,5.0,,92.8411,24.9849,218.9383087158203,1.7799777815955864,208.3200022113483
580,2008-06-09 00:00:00,"near Kuloor church, in Manipur along National Highway","near Kuloor church, in Manipur along National Highway",Manipur,landslide,monsoon,medium,unknown,,,93.9784,24.6596,777.9933471679688,0.17862672874142524,324.2351926800735
585,2008-06-14 00:00:00,"Itanagar-Naharlagun, Arunachal Pradesh","Itanagar-Naharlagun, Arunachal Pradesh",Arunachal Pradesh,landslide,rain,large,unknown,21.0,,93.6287,27.0998,397.61767578125,3.2188206602496563,278.252701592709
587,2008-06-15 00:00:00,"Lakhimpur district, Bihpuria, Assam","Lakhimpur district, Bihpuria, Assam",Assam,landslide,downpour,medium,unknown,17.0,,94.0989,27.2298,95.56906127929688,0.04925431019124473,124.23375481267385
594,2008-06-19 00:00:00,"Namkaoluang village, Tamenglong-Sangrung (Khongsang) road, NH-53, Manipur","Namkaoluang village, Tamenglong-Sangrung (Khongsang) road, NH-53, Manipur",Manipur,mudslide,monsoon,medium,unknown,,,93.8275,24.9336,959.5870361328125,9.0753535596754,102.77334528370255
692,2008-08-07 00:00:00,"National Highway-39, Dimapur-Imphal road and another under Kiphire district of Nagaland","National Highway-39, Dimapur-Imphal road and another under Kiphire district of Nagaland",Nagaland,landslide,downpour,medium,unknown,,,94.04,25.705,1069.9625244140625,11.876354697613882,28.45708761427977
714,2008-08-14 00:00:00,"Kimin-Ziro road in Papum Pare district, road between Doimukh and Sagalee, Doimukh-Hoj road; Arunachal Pradesh","Kimin-Ziro road in Papum Pare district, road between Doimukh and Sagalee, Doimukh-Hoj road; Arunachal Pradesh",Assam,landslide,rain,medium,unknown,,,94.0,27.163,95.22576141357422,0.050065416566943764,148.8234333629058
731,2008-08-19 00:00:00,"Akuk village, Wokha District, Nagaland","Akuk village, Wokha District, Nagaland",Nagaland,mudslide,downpour,medium,unknown,4.0,,94.25,26.138,1015.8339233398438,13.059349424407154,147.45620535742762
755,2008-08-28 00:00:00,"Ranka, Sikkim and Louing road","Ranka, Sikkim and Louing road",Sikkim,landslide,downpour,medium,unknown,,,88.609,27.337,1469.758056640625,17.94398388888501,255.26301919686688
760,2008-08-29 00:00:00,"Kohima, Nagaland","Kohima, Nagaland",Nagaland,complex,downpour,medium,unknown,,,94.1066,25.67,1437.6785888671875,3.9006288041257204,233.36682764509732
868,2008-10-29 00:00:00,"Kamrup, and Sonitpur, Assam","Kamrup, and Sonitpur, Assam",Assam,landslide,downpour,medium,unknown,7.0,,91.25,26.3333,42.0692138671875,0.05714293616841228,304.9716275100889
870,2008-10-29 00:00:00,"West Kameng, Arunachal Pradesh","West Kameng, Arunachal Pradesh",Arunachal Pradesh,mudslide,downpour,medium,unknown,12.0,,92.35,27.4,2711.107421875,9.934314086862548,258.6990462524358
869,2008-10-29 00:00:00,North Lakhimpur ,North Lakhimpur ,Assam,landslide,downpour,medium,unknown,,,94.1167,27.2333,94.54557800292969,0.20617388962926675,185.32837544987603
1084,2009-08-12 00:00:00,"Upper Subansiri District, Arunanchal Pradesh","Upper Subansiri District, Arunanchal Pradesh",Arunachal Pradesh,landslide,downpour,medium,unknown,0.0,,92.8,27.7,2535.724853515625,15.343229888509324,198.73457215944094
1108,2009-08-20 00:00:00,"Tamei, Tamenglong district on Imphal-Tamenglong (IT) road","Tamei, Tamenglong district on Imphal-Tamenglong (IT) road",Assam,landslide,downpour,medium,unknown,0.0,,93.5,24.9925,1207.78369140625,4.92708736299653,332.5417647835508
1112,2009-08-20 00:00:00,"NH31A, Mile 27 near Rambi","NH31A, Mile 27 near Rambi",Sikkim,mudslide,downpour,medium,unknown,0.0,,88.5287,27.1761,332.864501953125,9.077404859231882,214.5632951813357
1109,2009-08-20 00:00:00,Lumding-Badarpur section in North Cachar Hills district,Lumding-Badarpur section in North Cachar Hills district,Assam,landslide,downpour,medium,unknown,0.0,,93.1645,25.5215,266.9810791015625,0.4611351127389449,216.13233483239796
1125,2009-08-26 00:00:00,"17th Mile towards Tsomgo Lake, near Kyongsala, Sikkim ","17th Mile towards Tsomgo Lake, near Kyongsala, Sikkim ",Sikkim,landslide,rain,medium,unknown,,,88.7648,27.3746,3757.88720703125,8.163739033151451,195.52331757178783
1127,2009-08-27 00:00:00,between Mahur and Phaiding railway stations on Barail hills (Mahur and Barail hills located),between Mahur and Phaiding railway stations on Barail hills (Mahur and Barail hills located),Assam,landslide,downpour,medium,unknown,,,93.123,25.1718,698.047607421875,6.842775166761434,342.12263145573957
1129,2009-08-30 00:00:00,"Road stretch from Gammom to Chamu village, under Kamjong block, Ukhrul district, Manipur","Road stretch from Gammom to Chamu village, under Kamjong block, Ukhrul district, Manipur",Manipur,landslide,downpour,medium,unknown,,,94.4182,24.8628,968.0101318359375,12.739920429100883,268.0123768530062
1168,2009-09-17 00:00:00,"4th Mile on road between Rongli, Rhenock and Rangpo in East Sikkim.","4th Mile on road between Rongli, Rhenock and Rangpo in East Sikkim.",Sikkim,landslide,rain,medium,unknown,,,88.6115,27.1954,477.65380859375,8.361250314905117,359.2000025081556
1222,2009-10-05 00:00:00,"Chhinga Veng, Aizawl","Chhinga Veng, Aizawl",Mizoram,landslide,downpour,medium,urban,3.0,,92.72124394,23.73478778,1026.9345703125,1.775183193388253,112.64513598070482
1596,2010-03-27 20:00:00,"LangthAbal Khoupum, Imphal, Manipur","LangthAbal Khoupum, Imphal, Manipur",Manipur,mudslide,downpour,medium,unknown,0.0,,93.9161,24.7339,850.3824462890625,2.4993882102596463,180.6057527247282
1611,2010-04-01 00:00:00,"Paglanala village, Dholai Block, near Dwarbandh locality of the district, Cachar district (could only find district) 45 km from Silchar, Assam","Paglanala village, Dholai Block, near Dwarbandh locality of the district, Cachar district (could only find district) 45 km from Silchar, Assam",Assam,landslide,downpour,medium,unknown,3.0,,93.028,25.1553,417.63446044921875,9.099453667848575,43.28617455961637
1613,2010-04-02 23:00:00,"Koloriang, Kuring Kumey district, Arunachal Pradesh","Koloriang, Kuring Kumey district, Arunachal Pradesh",Arunachal Pradesh,mudslide,downpour,large,unknown,12.0,,93.3497,27.8997,878.1353149414062,9.075601212793392,195.76966218469198
1756,2010-04-17 00:00:00,"Nam Nang, Gangtok","Nam Nang, Gangtok",Sikkim,landslide,downpour,small,unknown,0.0,,88.6087,27.322,1457.893310546875,4.399761790553298,158.53534533192453
1755,2010-04-17 15:00:00,"Natl. Highway 31-A at Pani House(?), Gangtok","Natl. Highway 31-A at Pani House(?), Gangtok",Sikkim,landslide,downpour,small,unknown,0.0,,88.6083,27.3341,1469.758056640625,17.94398388888501,255.26301919686688
1770,2010-04-20 00:00:00,"Kharghuli, Guwahati, Assam","Kharghuli, Guwahati, Assam",Assam,landslide,downpour,medium,unknown,0.0,,91.763,26.1965,78.13805389404297,2.2424489623539365,304.9651630303252
1771,2010-04-20 00:00:00,"Raj Bhavan Guwahati, Assam","Raj Bhavan Guwahati, Assam",Assam,landslide,downpour,medium,unknown,0.0,,91.7665,26.1978,88.93688201904297,5.015605123771912,302.62294224263184
1776,2010-04-21 00:00:00,Shillong-Jowai(Jwai)-Badarpur National Highway(NH 44) at Sunapur village in Jaintia Hills District,Shillong-Jowai(Jwai)-Badarpur National Highway(NH 44) at Sunapur village in Jaintia Hills District,Meghalaya,landslide,downpour,medium,unknown,0.0,,92.2845,25.3612,1221.856689453125,2.0745837762530543,185.9089590754381
1775,2010-04-21 00:00:00,Arunachal Pradesh ,Arunachal Pradesh ,Arunachal Pradesh,landslide,downpour,medium,unknown,12.0,,96.1779,27.8965,,,
1857,2010-05-11 09:00:00,"National highway 44 at Sunapur and Tongseng in Jaintia Hills district, eastern Meghalaya","National highway 44 at Sunapur and Tongseng in Jaintia Hills district, eastern Meghalaya",Meghalaya,landslide,downpour,medium,unknown,0.0,,92.2897,25.3433,1215.112548828125,1.8833264183814304,146.74559054599376
1930,2010-05-31 00:00:00,"Anini-Roing road,  Dibang Valley,  Arunachal Pradesh ","Anini-Roing road,  Dibang Valley,  Arunachal Pradesh ",Arunachal Pradesh,landslide,downpour,medium,unknown,0.0,,95.8776,28.4298,,,
1929,2010-05-31 23:00:00,"North Sikkiim Highway, periphery of Gangtok, Sikkim East district","North Sikkiim Highway, periphery of Gangtok, Sikkim East district",Sikkim,landslide,downpour,medium,unknown,0.0,,88.6428,27.3543,2061.16845703125,22.227177683462873,102.60050030511354
1935,2010-06-03 00:00:00,"atharamura hills, Highway 44, Tripura","atharamura hills, Highway 44, Tripura",Tripura,landslide,downpour,medium,unknown,0.0,,91.7599,23.8986,211.34381103515625,4.4465495025554524,290.9649887810725
1934,2010-06-03 05:00:00,Rongpur village under Bhairabhnagar panchayat in Karimganj district,Rongpur village under Bhairabhnagar panchayat in Karimganj district,Assam,landslide,downpour,medium,unknown,2.0,,92.3814,24.6005,83.98977661132812,1.8149536381496503,102.10013822547842
1954,2010-06-07 00:00:00,"Irang(?) and Barak(?) and Makru(?) on highway 53 between Imphal and Jiribam, Manipur","Irang(?) and Barak(?) and Makru(?) on highway 53 between Imphal and Jiribam, Manipur",Manipur,landslide,rain,medium,unknown,0.0,,93.5039,24.7543,484.81536865234375,25.209385508396878,356.6770109998239
1961,2010-06-09 14:15:00,"Ishok Chingphu(?), Bishnupur, Assam","Ishok Chingphu(?), Bishnupur, Assam",Meghalaya,landslide,downpour,medium,unknown,0.0,,91.2,25.8833,210.47035217285156,9.928684630065232,140.29806404302911
1987,2010-06-15 00:00:00,"rails between Mahur and Wadringdisa(?), Assam","rails between Mahur and Wadringdisa(?), Assam",Assam,landslide,downpour,medium,unknown,0.0,,93.1658,25.2269,420.1214294433594,3.8107001137483643,311.0575285641565
1986,2010-06-15 00:00:00,"Fazl Ali College, Mokokchung, Nagaland","Fazl Ali College, Mokokchung, Nagaland",Nagaland,landslide,downpour,medium,unknown,0.0,,94.5512,26.3335,1322.29638671875,8.122136598444111,166.218914817047
1994,2010-06-16 00:00:00,"rails between Jatinga and Longrangjao(?), Assam","rails between Jatinga and Longrangjao(?), Assam",Assam,landslide,downpour,medium,unknown,0.0,,92.8025,25.0633,114.3108901977539,4.9032947593491345,85.55926438941185
1996,2010-06-17 19:30:00,"Shayoung Ward(?), Longleng, Nagaland","Shayoung Ward(?), Longleng, Nagaland",Nagaland,landslide,downpour,medium,unknown,0.0,,94.8833,26.4333,486.93707275390625,3.786713557008382,153.85996336816333
2026,2010-06-28 00:00:00,"Borsorsa(?), West Khasi Hills, Meghalaya","Borsorsa(?), West Khasi Hills, Meghalaya",Meghalaya,landslide,downpour,medium,unknown,0.0,,91.2698,25.4916,1511.6146240234375,2.419590035009426,314.24230619384934
2025,2010-06-28 00:00:00,"Police CID complex(?), Shillong, Meghalaya","Police CID complex(?), Shillong, Meghalaya",Meghalaya,landslide,downpour,medium,unknown,1.0,,91.885,25.5728,1486.363037109375,2.451517730705459,354.96514344249783
2045,2010-07-06 00:00:00,"Tuensang, Nagaland","Tuensang, Nagaland",Nagaland,mudslide,monsoon,medium,unknown,0.0,,94.8133,26.2363,1537.0203857421875,6.137338458769166,48.53419663211503
2043,2010-07-06 00:00:00,"Mon, Nagaland","Mon, Nagaland",Nagaland,mudslide,monsoon,medium,unknown,0.0,,95.0281,26.7225,706.0902099609375,3.9986915018952107,73.37759309432857
2042,2010-07-06 00:00:00,"Zunheboto, Nagaland","Zunheboto, Nagaland",Nagaland,mudslide,monsoon,medium,unknown,0.0,,94.5238,26.0093,1794.303955078125,3.178720065314649,251.7233410011473
2044,2010-07-06 00:00:00,"Kiphire,  Nagaland","Kiphire,  Nagaland",Nagaland,mudslide,monsoon,medium,unknown,0.0,,94.7861,25.8877,1103.6253662109375,6.996343948925652,50.704967225412474
2098,2010-07-19 06:00:00,"Jahjon ward(?), Mon town, Nagaland","Jahjon ward(?), Mon town, Nagaland",Nagaland,landslide,downpour,medium,unknown,0.0,,95.0283,26.7215,706.0902099609375,3.9986915018952107,73.37759309432857
2106,2010-07-20 00:00:00,"road to Oting near Longlam village, 13 km from Tizit subdivision, Mon district, Nagaland","road to Oting near Longlam village, 13 km from Tizit subdivision, Mon district, Nagaland",Nagaland,landslide,downpour,medium,unknown,0.0,,94.9921,26.8716,260.1624755859375,8.275951929068427,124.19640302192767
2113,2010-07-21 08:00:00,"Singtam-Mangan rd, Sikkim","Singtam-Mangan rd, Sikkim",Sikkim,landslide,downpour,medium,unknown,0.0,,88.559,27.3773,1502.5146484375,20.125924937091817,321.7145989182192
2140,2010-07-25 00:00:00,"road between Halfong and Redzol(?) or Silchar, Assam","road between Halfong and Redzol(?) or Silchar, Assam",Assam,landslide,downpour,medium,unknown,0.0,,92.801,25.0477,161.9722137451172,15.028150665417904,316.6358493044459
2163,2010-07-29 00:00:00,"Maram area in Senapati district, National Highway 39","Maram area in Senapati district, National Highway 39",Nagaland,landslide,downpour,medium,unknown,0.0,,94.1054,25.4196,1374.46826171875,7.726656908830892,133.31795788452393
2166,2010-07-29 00:00:00,"Highway 53 at Tupul, Tamenglong district","Highway 53 at Tupul, Tamenglong district",Assam,landslide,downpour,medium,unknown,0.0,,93.5027,24.9786,1241.24658203125,10.5113307526458,284.3647455839251
2164,2010-07-29 23:00:00,"Chingai-Kuingai(Quingai) route (16 kms), Chingai subdivision, Ukhrul district, Manipur","Chingai-Kuingai(Quingai) route (16 kms), Chingai subdivision, Ukhrul district, Manipur",Manipur,landslide,downpour,medium,unknown,0.0,,94.48214677,25.3098633,1510.476806640625,12.312153725564654,134.2816068609706
2182,2010-07-31 09:00:00,Dimapur-Imphal highway (NH 39) near Manipur,Dimapur-Imphal highway (NH 39) near Manipur,Manipur,landslide,rain,medium,unknown,0.0,,93.8443,24.9356,859.7355346679688,3.4232864050470195,113.59743318473227
2205,2010-08-06 00:00:00,"Dawrpui Vengthar cemetary, Aizwal, Mizoram","Dawrpui Vengthar cemetary, Aizwal, Mizoram",Mizoram,landslide,downpour,medium,unknown,0.0,,92.7146,23.7365,937.8997192382812,5.579914920776682,339.16788080646165
2243,2010-08-13 00:00:00,"NH-39 near Kohima Municipality Council(KMC) dumping ground, between Zubza(Sechu) and Kohima, Nagaland","NH-39 near Kohima Municipality Council(KMC) dumping ground, between Zubza(Sechu) and Kohima, Nagaland",Nagaland,landslide,downpour,medium,mine,0.0,,94.04619681,25.70223725,1062.59765625,14.65956716204104,80.16608335311304
2247,2010-08-14 00:00:00,"Tuensang-Shamatore(Sampurre) rd, Nagaland","Tuensang-Shamatore(Sampurre) rd, Nagaland",Nagaland,landslide,downpour,medium,unknown,0.0,,94.8422,26.148,1469.3292236328125,14.268605368791729,294.5537774707529
2248,2010-08-14 00:00:00,"Noklak-Tuensang road, Nagaland","Noklak-Tuensang road, Nagaland",Nagaland,landslide,downpour,medium,unknown,0.0,,94.9152,26.222,1659.618408203125,10.665973849005459,38.86834569496693
2249,2010-08-14 00:00:00,"Kiphire-Tuensang rd, Nagaland","Kiphire-Tuensang rd, Nagaland",Nagaland,landslide,downpour,medium,unknown,0.0,,94.803,26.0814,929.2401123046875,18.42967737499728,42.75434125443911
2253,2010-08-15 23:00:00,"Chingai-Kuingai(Quingai) route (16 kms), Chingai subdivision, Ukhrul district, Manipur","Chingai-Kuingai(Quingai) route (16 kms), Chingai subdivision, Ukhrul district, Manipur",Manipur,landslide,downpour,medium,unknown,0.0,,94.48265093,25.31006064,1510.476806640625,12.312153725564654,134.2816068609706
2263,2010-08-17 00:00:00,"Dikhu bridge(?), Mokokchung-Tuensang road, Nagaland","Dikhu bridge(?), Mokokchung-Tuensang road, Nagaland",Nagaland,landslide,downpour,medium,unknown,0.0,,94.6654,26.2753,1204.891357421875,13.979159301466197,267.5318360794814
2283,2010-08-19 00:00:00,"2 km from Khongsang village(?), road between Tamenglong and Imphal or Nungba, Manipur","2 km from Khongsang village(?), road between Tamenglong and Imphal or Nungba, Manipur",Manipur,mudslide,downpour,medium,unknown,0.0,,93.4957,24.8961,1007.4149169921875,33.536162126907584,138.3447324595499
2282,2010-08-19 06:30:00,"Tuensang-Kohima rd, 3 km outside Tuensang, Nagaland","Tuensang-Kohima rd, 3 km outside Tuensang, Nagaland",Nagaland,landslide,downpour,medium,unknown,0.0,,94.8158,26.1984,2008.77587890625,17.65266119388488,313.1173456421536
2281,2010-08-19 18:00:00,"Kisima, Nagaland","Kisima, Nagaland",Nagaland,landslide,downpour,medium,above_road,,,94.11603493,25.61560252,1658.54150390625,23.521187717740894,91.96549316646377
2296,2010-08-20 00:00:00,"many locations around Namchi, Sikkim","many locations around Namchi, Sikkim",Sikkim,complex,downpour,medium,unknown,0.0,,88.3652,27.167,1434.60986328125,11.769474237070067,150.69215203557656
2304,2010-08-21 18:00:00,"NH 39 at Kigwema(?), between Mao Gate and Kohima, Nagaland","NH 39 at Kigwema(?), between Mao Gate and Kohima, Nagaland",Nagaland,landslide,downpour,medium,unknown,0.0,,94.1211,25.5718,1858.2998046875,19.403284705844634,93.461036408256
2344,2010-08-27 16:30:00,"NH-53 at Nungba police station, Kambirong(?), Manipur","NH-53 at Nungba police station, Kambirong(?), Manipur",Assam,landslide,downpour,medium,unknown,0.0,,93.4221,24.7505,781.2679443359375,3.9305728314588895,139.1345926720437
2343,2010-08-27 16:30:00,"NH-39 at Ekai village(?), 2 km for Tadubi, Manipur","NH-39 at Ekai village(?), 2 km for Tadubi, Manipur",Nagaland,landslide,downpour,medium,unknown,0.0,,94.1327,25.4786,1651.714111328125,10.091643665887894,93.11038961433405
2345,2010-08-27 18:00:00,"Daragaon(?), Gangtok city, Sikkim","Daragaon(?), Gangtok city, Sikkim",Sikkim,landslide,downpour,medium,unknown,0.0,,88.6188,27.3392,1766.377197265625,17.701259124286906,186.42484990620542
2392,2010-09-04 00:00:00,"17th mile(?), Jawaharlal Nehru Marg hwy, between Gangtok and Nathu La, Sikkim","17th mile(?), Jawaharlal Nehru Marg hwy, between Gangtok and Nathu La, Sikkim",Sikkim,landslide,downpour,medium,unknown,0.0,,88.7334,27.3702,3456.36328125,8.03982183192138,323.6899158560446
2405,2010-09-09 23:00:00,"Mossing(Mosing) village(?), Upper Siang district, Arunachal Pradesh","Mossing(Mosing) village(?), Upper Siang district, Arunachal Pradesh",Arunachal Pradesh,landslide,downpour,medium,unknown,10.0,,95.4112,28.3036,1738.7901611328125,,
2411,2010-09-10 00:00:00,"districts Lakhimpur, Dhemaji, Golaghat, and Sonitpur, Assam province","districts Lakhimpur, Dhemaji, Golaghat, and Sonitpur, Assam province",Arunachal Pradesh,landslide,downpour,medium,unknown,0.0,,93.7273,27.0011,108.49119567871094,0.38894518716928106,162.95276372569924
2415,2010-09-12 00:00:00,power lines 5 km from Kohima,power lines 5 km from Kohima,Nagaland,landslide,downpour,medium,unknown,,,94.11112157,25.63961883,1582.8553466796875,19.263838734435744,97.63878694970902
2420,2010-09-13 00:00:00,"Tuikual 'C', Aizawl, Mizoram","Tuikual 'C', Aizawl, Mizoram",Mizoram,landslide,downpour,medium,urban,1.0,,92.71495623,23.72988966,942.2216186523438,6.869430679208021,280.9851410254787
2425,2010-09-13 00:00:00,"near Tuichang(?) on Tuichang river, Aizawl-Champhai rd, Mizoram","near Tuichang(?) on Tuichang river, Aizawl-Champhai rd, Mizoram",Mizoram,landslide,downpour,medium,unknown,0.0,,93.0748,23.3439,1356.802978515625,8.742836595853413,111.23500955890404
2423,2010-09-13 00:00:00,"road to Kanan Veng from Hunthar Veng, Mizoram","road to Kanan Veng from Hunthar Veng, Mizoram",Mizoram,landslide,downpour,medium,above_road,,,92.71060943,23.73504471,937.8997192382812,5.579914920776682,339.16788080646165
2424,2010-09-13 00:00:00,"near Tuivawl(?), Aizawl-Champhai rd, Aizawl district, Mizoram","near Tuivawl(?), Aizawl-Champhai rd, Aizawl district, Mizoram",Mizoram,landslide,downpour,medium,unknown,0.0,,92.9296,23.591,732.086181640625,15.639423132145646,312.4121840045681
2426,2010-09-13 00:00:00,"Hual(Hu) village(?), Lunglei-Lawngtlai rd, Mizoram","Hual(Hu) village(?), Lunglei-Lawngtlai rd, Mizoram",Mizoram,landslide,downpour,medium,unknown,0.0,,92.8416,22.7176,,,
2422,2010-09-13 00:00:00,"Hunthar Veng, Mizoram","Hunthar Veng, Mizoram",Mizoram,landslide,downpour,medium,urban,,,92.7141905,23.74182634,826.2678833007812,14.851121839020712,316.6881156159236
2421,2010-09-13 09:00:00,"road to Muanna Godown, Zuangtui, Mizoram","road to Muanna Godown, Zuangtui, Mizoram",Mizoram,landslide,downpour,medium,above_road,,,92.74128531,23.75406693,1107.014892578125,10.579986530269027,115.67980989815692
2437,2010-09-16 00:00:00,"Aizawl-Lengpui rd 3km from Aizawl, Mizoram, Manipur","Aizawl-Lengpui rd 3km from Aizawl, Mizoram, Manipur",Mizoram,landslide,downpour,medium,unknown,0.0,,92.694,23.7527,697.3428344726562,9.083525464386561,32.53391701382009
2436,2010-09-16 03:00:00,"Taithu village, Churanchandpur district, Mizoram, Manipur","Taithu village, Churanchandpur district, Mizoram, Manipur",Mizoram,landslide,downpour,medium,unknown,0.0,,93.125,24.3069,645.5643310546875,12.273128316174358,267.0782399853148
2539,2010-10-03 00:00:00,"Mosing village, Upper Siang district, Arunachal Pradesh","Mosing village, Upper Siang district, Arunachal Pradesh",Arunachal Pradesh,landslide,downpour,medium,unknown,10.0,,95.4149,28.3092,,,
2569,2010-10-08 00:00:00,"Bungte Chiru village(?), Senapati district, Manipur","Bungte Chiru village(?), Senapati district, Manipur",Nagaland,landslide,downpour,medium,unknown,0.0,,94.0212,25.2745,1087.3592529296875,4.53594513639666,130.50762671786322
2570,2010-10-08 00:00:00,"Tharon(?) and Langol Tarung villages, Thangmeiband constituency, Imphal, Manipur","Tharon(?) and Langol Tarung villages, Thangmeiband constituency, Imphal, Manipur",Manipur,landslide,downpour,medium,unknown,0.0,,93.9128,24.837,805.848876953125,9.562918466600157,173.8023997224725
2566,2010-10-08 00:00:00,"Sahong, Tabu and Pani village under Tadubi police station of Senapati district, NH-39","Sahong, Tabu and Pani village under Tadubi police station of Senapati district, NH-39",Nagaland,mudslide,downpour,medium,unknown,0.0,,94.1351,25.4769,1651.714111328125,10.091643665887894,93.11038961433405
2567,2010-10-08 00:00:00,"Phek, Manipur","Phek, Manipur",Manipur,complex,downpour,medium,unknown,0.0,,94.4703,25.6633,1398.986328125,8.323988828971817,19.363188377003723
2568,2010-10-08 00:00:00,"Nungba, Tamenglong, Manipur","Nungba, Tamenglong, Manipur",Assam,landslide,downpour,medium,unknown,0.0,,93.4108,24.7679,475.39044189453125,7.316687058680845,306.16785747965133
2576,2010-10-09 00:00:00,"NH-39 at Tobio village(?), 7 km form Tadubi, Manipur","NH-39 at Tobio village(?), 7 km form Tadubi, Manipur",Nagaland,landslide,downpour,medium,unknown,0.0,,94.1399,25.4788,1537.544921875,9.357506143261372,160.28715399601128
2575,2010-10-09 00:00:00,"road between Haflong and Lanka, Assam","road between Haflong and Lanka, Assam",Assam,landslide,downpour,medium,unknown,0.0,,92.9914,25.5242,163.5721893310547,2.384390783774867,70.89340843423895
2579,2010-10-09 00:00:00,"Lower Pezielietsie(Tinpati), Kohima, Manipur","Lower Pezielietsie(Tinpati), Kohima, Manipur",Nagaland,landslide,downpour,medium,unknown,0.0,,94.1076,25.682,1445.212158203125,5.11525036011378,265.7193285919662
2578,2010-10-09 00:00:00,"NH-39 in Karong area, Manipur","NH-39 in Karong area, Manipur",Nagaland,landslide,downpour,medium,unknown,0.0,,94.0462,25.3179,1008.3526000976562,4.383441676125514,298.2507432183308
2577,2010-10-09 00:00:00,"NH-39 near Khongnem(?) village, between Imphal and Dimapur, Manipur","NH-39 near Khongnem(?) village, between Imphal and Dimapur, Manipur",Nagaland,landslide,downpour,medium,unknown,0.0,,93.8673,25.5265,1479.7823486328125,20.898158766472424,248.1360810879479
2573,2010-10-09 00:00:00,"Haflong, Assam","Haflong, Assam",Assam,mudslide,downpour,medium,unknown,1.0,,93.0083,25.1796,637.9863891601562,9.809667786371575,66.20583676297156
2574,2010-10-09 00:00:00,"between Mahur and Maigrandisa(?) or Lumding, Assam","between Mahur and Maigrandisa(?) or Lumding, Assam",Assam,landslide,downpour,medium,unknown,0.0,,93.1477,25.4749,155.5647430419922,1.757093803546841,287.2034217391585
2587,2010-10-10 06:00:00,"Lower Chandmari area, PWD department, Kohima, Manipur","Lower Chandmari area, PWD department, Kohima, Manipur",Nagaland,landslide,downpour,medium,unknown,0.0,,94.1072,25.6623,1385.9927978515625,9.2713979346876,68.53085993658738
2743,2010-11-22 00:00:00,"Tawang Monastery, Arunachal Pradesh","Tawang Monastery, Arunachal Pradesh",Arunachal Pradesh,landslide,unknown,medium,natural_slope,,,91.85672387,27.5798729,2737.44287109375,13.099009919240181,234.6482958909109
3269,2011-03-22 00:00:00,"road from other districts to Hawai(Tawai?) which is  on Lojit river, near Hayuliang,  Anjaw district, Arunachal Pradesh","road from other districts to Hawai(Tawai?) which is  on Lojit river, near Hayuliang,  Anjaw district, Arunachal Pradesh",Arunachal Pradesh,landslide,downpour,medium,unknown,0.0,,96.5242,28.0791,,,
3525,2011-05-22 00:00:00,"Kaiphundai(?)-Tousem(in Assam) road, Tamenglong district, Manipur","Kaiphundai(?)-Tousem(in Assam) road, Tamenglong district, Manipur",Assam,landslide,downpour,medium,unknown,0.0,,93.4093,25.0672,468.8785400390625,14.872191257220807,280.05951296036255
3532,2011-05-24 00:00:00,"Silchar-Haflong rd., at Reko(Rekha )(?), near Harangajao, Barail Hills, Assam","Silchar-Haflong rd., at Reko(Rekha )(?), near Harangajao, Barail Hills, Assam",Assam,complex,downpour,medium,unknown,0.0,,92.8551,25.0888,253.538818359375,6.766201874660065,325.4648058774109
3556,2011-05-31 14:00:00,"Roads between Tamei(Tamma?), Kangpokpi and Chalwa, Manipur","Roads between Tamei(Tamma?), Kangpokpi and Chalwa, Manipur",Manipur,landslide,continuous_rain,small,unknown,0.0,,93.8474,25.1555,1504.5924072265625,24.82938195318013,265.00689466763765
3560,2011-05-31 14:30:00,"Gaoilung(Gadailong) village(?), Ward 4(?), Tamenglong, Manipur","Gaoilung(Gadailong) village(?), Ward 4(?), Tamenglong, Manipur",Manipur,landslide,downpour,medium,unknown,2.0,,93.5935,24.8286,721.0525512695312,15.428031040694915,267.7115880363436
3633,2011-06-20 00:00:00,Mokokchung,Mokokchung,Nagaland,landslide,downpour,medium,unknown,0.0,,94.5121,26.3186,1328.8421630859375,4.757598743007457,189.51998878852615
3637,2011-06-21 00:00:00,"Lasumi village in Phek district, Kohima","Lasumi village in Phek district, Kohima",Nagaland,landslide,rain,medium,deforested_slope,,,94.2341227,25.51614662,1676.479736328125,18.916462034180764,258.20750837007483
3663,2011-06-28 00:00:00,"Ruzapfu valley, Kikruma Village, Phek District, Nagaland","Ruzapfu valley, Kikruma Village, Phek District, Nagaland",Nagaland,landslide,downpour,medium,unknown,0.0,,94.1099,25.6682,1437.6785888671875,3.9006288041257204,233.36682764509732
3662,2011-06-28 00:00:00,"Ikou-Gangpijang road, near: Ikou, Saikul, and Gangpijang; Imphal India","Ikou-Gangpijang road, near: Ikou, Saikul, and Gangpijang; Imphal India",Manipur,landslide,rain,medium,below_road,,,94.0144205,25.03561729,806.7512817382812,0.5049251544687423,76.49299736759241
3672,2011-06-29 00:00:00,"Portions of NH 39, Connectin Manipur with Assam via Nagaland","Portions of NH 39, Connectin Manipur with Assam via Nagaland",Assam,landslide,downpour,medium,unknown,0.0,,93.3613,25.5125,329.7398986816406,1.956921057597104,180.3409211254721
3683,2011-07-01 00:00:00,NH-61 between Botsa and Chiechama,NH-61 between Botsa and Chiechama,Nagaland,landslide,downpour,medium,unknown,0.0,,94.1739,25.8782,1384.907470703125,13.6678762421164,295.19649785621783
3738,2011-07-06 00:00:00,"National Highway 53, Sinam Khul (near Kotlen; ~25 km from Imphal)","National Highway 53, Sinam Khul (near Kotlen; ~25 km from Imphal)",Manipur,landslide,downpour,medium,unknown,6.0,,93.9482,24.8063,780.5044555664062,0.06896532633404831,112.45615169784952
3741,2011-07-07 00:00:00,Maram (80 km north of Imphal),Maram (80 km north of Imphal),Nagaland,landslide,rain,medium,unknown,0.0,,94.1079,25.4191,1384.4271240234375,4.757557104755323,94.41850459131604
3760,2011-07-11 09:00:00,"NH-61, 1 km before reaching Botsa","NH-61, 1 km before reaching Botsa",Nagaland,landslide,downpour,medium,unknown,0.0,,94.1095,25.6703,1437.6785888671875,3.9006288041257204,233.36682764509732
3776,2011-07-15 18:00:00,Itanagar/Naharlagur/Nirjuli,Itanagar/Naharlagur/Nirjuli,Arunachal Pradesh,landslide,downpour,small,unknown,0.0,,93.7145,27.125,132.2533721923828,0.2597239875720345,355.12881191306167
3789,2011-07-16 00:00:00,Mebua (8 km from Seppa),Mebua (8 km from Seppa),Arunachal Pradesh,landslide,downpour,medium,unknown,0.0,,92.9064,27.2743,619.49560546875,18.293491867925315,137.40480061286024
3794,2011-07-17 00:00:00,West Bengal-Sikkim at highway Rambi,West Bengal-Sikkim at highway Rambi,Sikkim,landslide,rain,medium,above_road,,,88.42280921,26.99195749,368.9798278808594,15.92769788296538,105.54975791562259
3805,2011-07-19 00:00:00,200 meters from Teesta Bridge towards Siliguri,200 meters from Teesta Bridge towards Siliguri,Sikkim,landslide,rain,medium,above_road,0.0,,88.42572376,27.05374234,315.9908752441406,13.654978430035202,60.87036444794006
3806,2011-07-19 00:00:00,"Itanagar (one near Pachali power house, one near Heema Hospital, and one nearRomik Colony at P Sector)","Itanagar (one near Pachali power house, one near Heema Hospital, and one nearRomik Colony at P Sector)",Arunachal Pradesh,landslide,downpour,medium,unknown,3.0,,93.6884,27.1032,155.5460968017578,1.2825013168660084,304.6172431861145
3830,2011-07-22 00:00:00,Manipur,Manipur,Manipur,landslide,downpour,small,unknown,0.0,,94.3429,24.3527,,,
3831,2011-07-22 00:00:00,Heibok Hills,Heibok Hills,Manipur,landslide,downpour,medium,unknown,0.0,,93.948,24.7992,780.3362426757812,0.09333543949159231,114.42534806471934
3837,2011-07-24 12:30:00,NH 37,NH 37,Assam,landslide,downpour,medium,unknown,0.0,,93.0038,26.5836,68.0242691040039,0.4272795045325537,335.6483081781262
3840,2011-07-25 00:00:00,Manipur,Manipur,Manipur,landslide,downpour,medium,unknown,0.0,,93.9157,24.6869,771.821533203125,0.06492321222961965,63.62862409347474
3860,2011-07-29 00:00:00,"Maram, Manipur","Maram, Manipur",Nagaland,landslide,rain,medium,unknown,0.0,,94.108,25.4192,1384.4271240234375,4.757557104755323,94.41850459131604
3881,2011-08-05 00:00:00,Itanagar,Itanagar,Arunachal Pradesh,landslide,downpour,medium,unknown,0.0,,93.6885,27.1034,155.5460968017578,1.2825013168660084,304.6172431861145
3912,2011-08-12 00:00:00,East Kameng district in Arunachal Pradesh bordering China,East Kameng district in Arunachal Pradesh bordering China,Arunachal Pradesh,landslide,rain,medium,unknown,0.0,,92.2833,27.44,2554.63134765625,18.012239633830582,244.90803738125993
3916,2011-08-13 08:00:00,"Chumukedima, Dimapur","Chumukedima, Dimapur",Assam,mudslide,downpour,medium,unknown,0.0,,93.8067,25.7713,268.50677490234375,5.715667617272849,149.09501445049005
3925,2011-08-15 00:00:00,"East Kameng, Arunachal Pradesh","East Kameng, Arunachal Pradesh",Arunachal Pradesh,landslide,downpour,medium,unknown,0.0,,93.0153,27.4888,460.8761901855469,8.545663515376845,22.312277393139368
3927,2011-08-16 08:00:00,"Garo Hills, Tura","Garo Hills, Tura",Meghalaya,landslide,downpour,medium,unknown,6.0,,90.2167,25.5144,340.00689697265625,3.906063737419891,249.94238361653936
3932,2011-08-18 00:00:00, Botsa  and Chiechama, Botsa  and Chiechama,Nagaland,landslide,monsoon,medium,unknown,0.0,,94.13,25.83,1003.880859375,7.745322713433802,322.2420793424199
3965,2011-09-06 08:00:00,NH 37 at Awang Khul ,NH 37 at Awang Khul ,Assam,landslide,rain,medium,unknown,3.0,,93.117,24.808,33.11048889160156,0.477172774139083,11.63993945497134
3983,2011-09-23 00:00:00,"Maighuli, Guwahati, Meghalaya","Maighuli, Guwahati, Meghalaya",Assam,landslide,downpour,large,unknown,4.0,,91.7351,26.1548,54.70600509643555,2.6630794621528007,104.31657079654804
4241,2012-03-04 00:00:00,Tamei constituency in Tamenlong district,Tamei constituency in Tamenlong district,Manipur,landslide,unknown,medium,unknown,0.0,,93.6795,25.1604,1063.9306640625,8.679148070855804,172.85446837203017
4313,2012-04-08 00:00:00,"Endulin Nallah, Mayodia, 17-camp, 83-camp","Endulin Nallah, Mayodia, 17-camp, 83-camp",Arunachal Pradesh,landslide,downpour,medium,unknown,0.0,,95.86,28.4659,,,
4378,2012-06-02 00:00:00,"Arunachal Pradesh, Dibang,","Arunachal Pradesh, Dibang,",Arunachal Pradesh,landslide,downpour,medium,unknown,,,96.1517,28.8254,,,
4377,2012-06-02 00:00:00,"Guwahati, Assam","Guwahati, Assam",Assam,landslide,downpour,large,unknown,,,91.7356,26.1475,51.78913116455078,0.4662752950636524,105.18457362830515
4382,2012-06-03 00:00:00," between Harangajao and Mailongdisa, Assa,"," between Harangajao and Mailongdisa, Assa,",Assam,landslide,downpour,medium,unknown,,,92.8573,25.1175,169.94003295898438,5.287925185900964,154.92157843644782
4383,2012-06-03 00:00:00,"between Maibang and Daotohaja, Assam","between Maibang and Daotohaja, Assam",Assam,landslide,downpour,medium,unknown,,,93.1265,25.3056,322.4370422363281,8.070359727665092,87.58743653135366
4384,2012-06-03 00:00:00,"between Haflong and  Bagetar, Assam","between Haflong and  Bagetar, Assam",Assam,landslide,downpour,medium,unknown,,,93.0123,25.1775,719.3320922851562,5.109549463494042,61.90016545284584
4394,2012-06-07 04:30:00,"Rolep, South Sikkim( Mapping to Rhenock 12 miles from Rolep)","Rolep, South Sikkim( Mapping to Rhenock 12 miles from Rolep)",Sikkim,landslide,rain,large,unknown,7.0,,88.6458,27.1748,931.6356201171875,17.881811278484562,238.76957820535995
4403,2012-06-10 00:00:00,"Imphal-Jiribam section of NH-37 , Manipur","Imphal-Jiribam section of NH-37 , Manipur",Manipur,landslide,downpour,very_large,unknown,,,93.5444,24.8142,556.4702758789062,16.40804950259465,186.20129575002994
4407,2012-06-13 00:00:00,"NH44, Malidhor area,  Baleswar","NH44, Malidhor area,  Baleswar",Assam,landslide,downpour,medium,unknown,,,92.3567,25.0951,297.963623046875,13.400488207678569,291.03940637039443
4408,2012-06-13 00:00:00,"NH44, Kuliang","NH44, Kuliang",Meghalaya,landslide,downpour,medium,unknown,,,92.0757,25.5498,1229.9385986328125,3.666134470122556,59.41298618573347
4411,2012-06-14 04:00:00,"Tathangchen, Gangtok, Sikkim ","Tathangchen, Gangtok, Sikkim ",Sikkim,landslide,downpour,medium,unknown,,,88.6065,27.339,1469.758056640625,17.94398388888501,255.26301919686688
4424,2012-06-20 00:00:00,"Lalunggaon, Guwahati,  Assam","Lalunggaon, Guwahati,  Assam",Assam,landslide,downpour,medium,unknown,,,91.7351,26.149,51.78913116455078,0.4662752950636524,105.18457362830515
4426,2012-06-22 00:00:00,Lalunggaon near Gorchuk area,Lalunggaon near Gorchuk area,Assam,landslide,downpour,medium,unknown,3.0,,91.7162,26.1226,61.986793518066406,2.7733788381789446,103.78881343798571
4435,2012-06-25 00:00:00,"Tirap , Arunachal Pradesh","Tirap , Arunachal Pradesh",Arunachal Pradesh,landslide,downpour,large,unknown,,,95.8011,27.174,,,
4436,2012-06-25 00:00:00,"Khonsa, Arunachal Pradesh","Khonsa, Arunachal Pradesh",Arunachal Pradesh,landslide,downpour,medium,unknown,,,95.4993,26.9986,634.2667236328125,3.5073970442754114,303.14713633308236
4434,2012-06-25 18:00:00,"Sonaighuli area near Kahilipara, Guwahati City, Assam","Sonaighuli area near Kahilipara, Guwahati City, Assam",Assam,landslide,downpour,large,unknown,1.0,,91.7369,26.1049,118.1657485961914,5.000302138287267,309.95489811372397
4446,2012-07-05 00:00:00,"Tuting, Upper Siang , Arunachal Pradesh","Tuting, Upper Siang , Arunachal Pradesh",Arunachal Pradesh,landslide,downpour,large,unknown,,,94.8885,28.9986,,,
4552,2012-09-14 00:00:00,"Takdah, West Bengal","Takdah, West Bengal",Sikkim,landslide,downpour,medium,unknown,,,88.3603,27.0377,1495.0576171875,15.1203979993667,147.47484597811797
4556,2012-09-16 00:00:00,"Namchi to Phongla, Namchi to Melli ,Namchi to Sumbuk","Namchi to Phongla, Namchi to Melli ,Namchi to Sumbuk",Sikkim,landslide,downpour,medium,unknown,,,88.3651,27.1675,1434.60986328125,11.769474237070067,150.69215203557656
4570,2012-09-19 00:00:00, Arunachal Pradesh , Arunachal Pradesh ,Arunachal Pradesh,landslide,downpour,medium,unknown,,,95.2253,27.8458,134.50047302246094,0.18392331200279313,147.7953075486904
4610,2012-11-11 00:00:00,"Dapchhuah, Mamit, Mizoram","Dapchhuah, Mamit, Mizoram",Mizoram,landslide,downpour,medium,unknown,4.0,,92.5217,23.7705,74.835205078125,4.898545278699525,264.85824031246943
4757,2013-02-18 00:00:00,"East Siang, Arunachal Pradesh","East Siang, Arunachal Pradesh",Arunachal Pradesh,landslide,rain,medium,unknown,3.0,2.0,95.1645,28.1193,696.5213623046875,17.542014670303704,249.12720299143
4798,2013-04-07 00:00:00,"Dibang Valley, Arunachal Pradesh","Dibang Valley, Arunachal Pradesh",Arunachal Pradesh,landslide,rain,medium,unknown,,,96.1509,28.8254,,,
4845,2013-05-07 00:00:00,"Kolasib, Saiha, Mizoram,","Kolasib, Saiha, Mizoram,",Mizoram,mudslide,rain,medium,unknown,,,92.6755,24.2315,686.005126953125,6.667447063238638,254.96080305649667
4848,2013-05-08 00:00:00,"Purba Simna, Tripura","Purba Simna, Tripura",Tripura,landslide,rain,medium,unknown,1.0,,91.4663,24.0896,108.52161407470703,1.4272561552983816,308.4795637045271
4860,2013-05-11 00:00:00,"Boragaon, North Guwahati, Guwahati, Assam,","Boragaon, North Guwahati, Guwahati, Assam,",Assam,landslide,rain,medium,unknown,,,91.6906,26.1016,123.84352111816406,12.244453475034451,7.4749115910407795
4859,2013-05-11 00:00:00,"Sarania Hills, North Guwahati, Guwahati, Assam,","Sarania Hills, North Guwahati, Guwahati, Assam,",Assam,landslide,rain,medium,unknown,,1.0,91.7599,26.1771,60.27781677246094,2.501297270532758,268.08547996556615
4858,2013-05-11 09:00:00,"Nursery, North Guwahati, Guwahati, Assam,","Nursery, North Guwahati, Guwahati, Assam,",Assam,landslide,rain,medium,unknown,,,91.7138,26.1662,86.33514404296875,7.174728149056435,73.27050336143128
4857,2013-05-11 09:00:00,"Laipuitland , Aizawl, Mizoram","Laipuitland , Aizawl, Mizoram",Mizoram,landslide,rain,large,unknown,15.0,,92.7175,23.7281,1055.707763671875,2.608922055512835,76.53905291156252
4861,2013-05-12 00:00:00,"Khongsang, Tamenglong, Manipur,","Khongsang, Tamenglong, Manipur,",Assam,mudslide,rain,medium,unknown,,,93.4946,24.9926,1132.327880859375,9.5369468422031,257.9150821856824
4892,2013-06-01 00:00:00,Upper Subansiri,Upper Subansiri,Arunachal Pradesh,landslide,downpour,large,unknown,,,94.25,27.8776,1014.2068481445312,16.907746661576752,178.03776024650074
4906,2013-06-07 00:00:00,"Helipong-Chessore Road, Nagaland","Helipong-Chessore Road, Nagaland",Nagaland,landslide,unknown,medium,unknown,,,94.7499,26.0977,1509.18896484375,9.154564458759038,333.9183338108448
4905,2013-06-07 00:00:00,"Kuthur – Huker Road Via Y Anner, Chessore, Nagaland","Kuthur – Huker Road Via Y Anner, Chessore, Nagaland",Nagaland,landslide,unknown,medium,unknown,,,94.7031,26.0977,1710.3524169921875,21.020312755639026,354.49277428874007
4908,2013-06-08 17:00:00,"15 Km From Gangtok, Himalayans","15 Km From Gangtok, Himalayans",Sikkim,landslide,downpour,medium,unknown,0.0,,88.708,27.3721,3125.61279296875,27.93812527245577,249.03590489883658
4990,2013-06-27 23:00:00,"Near Changu Lake, 15Km Away From Nathu La, On India-China Border In Eastern Sikkim","Near Changu Lake, 15Km Away From Nathu La, On India-China Border In Eastern Sikkim",Sikkim,landslide,downpour,medium,unknown,0.0,,88.7628,27.3765,3757.88720703125,8.163739033151451,195.52331757178783
5005,2013-07-01 00:00:00,"Walo Ward, Mon Town, Wokha District, Nagaland","Walo Ward, Mon Town, Wokha District, Nagaland",Nagaland,landslide,downpour,medium,unknown,0.0,,95.029,26.72,706.0902099609375,3.9986915018952107,73.37759309432857
5006,2013-07-01 00:00:00,"Thillong Village, Doyang Along State Highway 1, Wokha To Merapani Road","Thillong Village, Doyang Along State Highway 1, Wokha To Merapani Road",Nagaland,landslide,downpour,medium,unknown,0.0,,94.3864,26.1147,401.3453369140625,2.8334776693523853,165.58401288489745
5087,2013-07-12 00:00:00,"National Highway 29 Near Phesama Village, Nagaland","National Highway 29 Near Phesama Village, Nagaland",Nagaland,landslide,downpour,medium,unknown,0.0,,94.1139,25.6269,1568.7457275390625,8.753599146393153,54.76682196821287
5084,2013-07-12 23:00:00,"National Highway 2 Near Phesama Village Close To Kisama Naha Heritage Site, Kohima District, Nagaland","National Highway 2 Near Phesama Village Close To Kisama Naha Heritage Site, Kohima District, Nagaland",Nagaland,landslide,downpour,medium,unknown,0.0,,94.1167,25.616,1658.54150390625,23.521187717740894,91.96549316646377
5107,2013-07-15 00:00:00,"National Highway 29 Near Phesama Village, Nagaland","National Highway 29 Near Phesama Village, Nagaland",Nagaland,landslide,rain,medium,unknown,0.0,,94.1139,25.6269,1568.7457275390625,8.753599146393153,54.76682196821287
5123,2013-07-17 00:00:00,"National Highway 2 Near Meriema Village, 10 Km Away From Kohima","National Highway 2 Near Meriema Village, 10 Km Away From Kohima",Nagaland,mudslide,rain,medium,unknown,0.0,,94.0885,25.7131,1439.761962890625,4.142140102743619,270.531531012945
5122,2013-07-17 00:00:00,"National Highway 29 Between Patkai Bridge And Kukidolong, Nagaland","National Highway 29 Between Patkai Bridge And Kukidolong, Nagaland",Nagaland,mudslide,rain,medium,unknown,0.0,,93.9413,25.7658,1044.7733154296875,18.136584345812256,243.29601166819575
5250,2013-08-01 00:00:00,"Polo River At Polosang, Arunachal Pradesh","Polo River At Polosang, Arunachal Pradesh",Arunachal Pradesh,mudslide,rain,medium,unknown,,,93.0515,27.8837,1756.45751953125,17.220926524785423,136.88373876667254
5269,2013-08-04 00:00:00,"Tizu, Nagaland","Tizu, Nagaland",Nagaland,landslide,continuous_rain,medium,unknown,,,94.5234,25.8376,806.0603637695312,3.620994023286006,128.09780222254585
5275,2013-08-04 00:00:00,"Suruhuto Town, Nagaland","Suruhuto Town, Nagaland",Nagaland,landslide,monsoon,medium,unknown,,,94.6055,26.1498,1665.1173095703125,19.868439013909132,147.48477902621926
5272,2013-08-04 00:00:00,"Longsa, Nagaland","Longsa, Nagaland",Nagaland,landslide,monsoon,medium,unknown,,,94.5438,26.2083,1495.33251953125,1.864008246326144,301.6516703480293
5271,2013-08-04 00:00:00,"Nanga, Nagaland","Nanga, Nagaland",Nagaland,landslide,continuous_rain,medium,unknown,,,94.5808,26.284,771.00439453125,1.6296631783466915,358.2270245219688
5268,2013-08-04 00:00:00,"Zunheboto, Nagaland","Zunheboto, Nagaland",Nagaland,landslide,continuous_rain,medium,unknown,,,94.5163,26.0137,1628.5465087890625,13.144068081370838,286.79501747747133
5270,2013-08-04 00:00:00,"Phizo, Nagaland","Phizo, Nagaland",Nagaland,landslide,continuous_rain,medium,unknown,,,94.4619,26.0481,988.5084838867188,19.333181089154444,290.76900448453694
5274,2013-08-04 00:00:00,"Suruhuto Town, Nagaland","Suruhuto Town, Nagaland",Nagaland,landslide,rain,medium,unknown,,,94.564,26.0838,1783.351806640625,13.854613021483038,101.35206067795787
5273,2013-08-04 00:00:00,"Zhekuto, Nagaland","Zhekuto, Nagaland",Nagaland,landslide,monsoon,medium,unknown,,,94.5497,26.1807,1596.9862060546875,12.839354693833652,258.62613224037057
5300,2013-08-09 00:00:00,"Senapati, Manipur","Senapati, Manipur",Nagaland,landslide,downpour,large,unknown,,,94.0441,25.318,1008.3526000976562,4.383441676125514,298.2507432183308
5312,2013-08-11 23:00:00,Kangtsung Village,Kangtsung Village,Assam,landslide,downpour,very_large,unknown,0.0,,94.693,26.7103,652.4923706054688,4.481911638814571,248.24238451689604
5427,2013-08-15 00:00:00,"Koide Government High School, Senapati, Manipur","Koide Government High School, Senapati, Manipur",Nagaland,landslide,downpour,medium,unknown,,,94.1884,25.3833,1649.761474609375,1.1322035255287777,275.24039010337617
5337,2013-08-16 00:00:00,"Yakshu, Nagaland","Yakshu, Nagaland",Nagaland,landslide,rain,medium,unknown,,,94.9731,26.4205,692.2982177734375,3.009792004546396,301.4854691815915
5338,2013-08-16 00:00:00,"Longlem, Nagaland","Longlem, Nagaland",Assam,landslide,rain,medium,unknown,,,94.9275,26.8727,132.86862182617188,0.36435524146285947,75.84431116196617
5336,2013-08-16 00:00:00,"Tobu, Nagaland","Tobu, Nagaland",Nagaland,landslide,rain,medium,unknown,,,94.9439,26.3897,627.07861328125,13.090548270636058,207.77029875351613
5343,2013-08-17 23:00:00,The Imphal-Jiribam Section Of Nh-37 In Tamenglong District,The Imphal-Jiribam Section Of Nh-37 In Tamenglong District,Assam,landslide,continuous_rain,medium,unknown,,,93.4341,24.7625,530.8098754882812,13.157546274382069,132.86828488883577
5421,2013-08-30 00:00:00,"Yakshu, Nagaland","Yakshu, Nagaland",Nagaland,mudslide,unknown,medium,unknown,,,94.9731,26.4205,692.2982177734375,3.009792004546396,301.4854691815915
5430,2013-09-01 00:00:00,"Tamenglong- Khongsang Road, Manipur","Tamenglong- Khongsang Road, Manipur",Manipur,mudslide,continuous_rain,medium,unknown,0.0,,93.487,24.9037,1306.1046142578125,13.125685326680651,253.8286471239379
5431,2013-09-01 00:00:00,"Tamenglong, Manipur","Tamenglong, Manipur",Assam,mudslide,continuous_rain,medium,unknown,0.0,,93.5063,24.9829,1317.85009765625,6.377900310336232,324.7675866268781
5429,2013-09-01 18:00:00,Tamabong Village In Sikkim State,Tamabong Village In Sikkim State,Sikkim,landslide,downpour,medium,unknown,5.0,,88.2426,27.3425,1447.2020263671875,27.906036521936873,207.82629545405462
5442,2013-09-02 00:00:00,Arunachal Pradesh,Arunachal Pradesh,Arunachal Pradesh,landslide,downpour,large,unknown,,,93.7525,27.1614,144.6433868408203,3.5835863908958805,254.06032380667892
5441,2013-09-02 00:00:00,"Gosang Village Under Jengging Circle, Arunachal Pradesh","Gosang Village Under Jengging Circle, Arunachal Pradesh",Arunachal Pradesh,landslide,downpour,large,unknown,,,94.9829,28.611,1664.8720703125,29.887614813119487,50.828278039271254
5476,2013-09-07 15:00:00,14 Milestone Of J N Marg Near Kyangnosola (East Sikkim),14 Milestone Of J N Marg Near Kyangnosola (East Sikkim),Sikkim,landslide,rain,medium,unknown,0.0,,88.7323,27.3736,3543.986083984375,17.010421812892037,265.5025113599347
5552,2013-09-24 00:00:00,"Ukhrul, Manipur","Ukhrul, Manipur",Manipur,landslide,unknown,medium,unknown,,,94.3619,25.0985,1867.73095703125,1.645058229616398,317.3026211856342
5575,2013-10-05 23:00:00,"Chiechama, Nagaland","Chiechama, Nagaland",Nagaland,mudslide,continuous_rain,medium,unknown,0.0,,94.1497,25.8266,1409.963134765625,5.0377802536534775,327.48549035838386
5584,2013-10-06 00:00:00,"Nilachal Hill, Guwahati, Assam","Nilachal Hill, Guwahati, Assam",Assam,landslide,downpour,medium,unknown,0.0,,91.7049,26.1665,215.478759765625,4.158509854880299,332.921806805467
5582,2013-10-06 12:45:00,"Batahguli, Guwahati, Assam","Batahguli, Guwahati, Assam",Assam,landslide,downpour,medium,unknown,1.0,,91.8383,26.1309,88.89730072021484,4.439598199059165,0.4344198059403652
5603,2013-10-13 19:30:00,"Tusom, Manipur","Tusom, Manipur",Manipur,mudslide,downpour,medium,unknown,0.0,,94.6024,25.426,1284.336181640625,8.351646903875247,353.30145479038634
6015,2014-05-08 00:00:00,Lohit District of Arunachal Pradesh,Lohit District of Arunachal Pradesh,Arunachal Pradesh,mudslide,rain,medium,above_road,0.0,0.0,96.174,27.9032,,,
6016,2014-05-09 23:00:00,"Satgarakul Village, Karimganj, Assam State","Satgarakul Village, Karimganj, Assam State",Assam,landslide,rain,small,unknown,7.0,0.0,92.3576,24.8669,18.604825973510742,0.043921408674921975,86.4305619541883
6105,2014-06-26 23:00:00,Arunachal Pradesh,Arunachal Pradesh,Arunachal Pradesh,landslide,continuous_rain,medium,above_road,0.0,0.0,95.3429,28.9205,,,
6106,2014-06-26 23:00:00,Narakasur,Narakasur,Assam,landslide,continuous_rain,small,unknown,3.0,0.0,91.7645,26.1407,57.87407684326172,0.8275035357571373,178.61265810360646
6107,2014-06-26 23:00:00,Bamunimaidam,Bamunimaidam,Assam,landslide,continuous_rain,small,unknown,1.0,0.0,91.7896,26.1844,70.5068359375,0.7860537271315179,211.92404682831048
6110,2014-06-27 00:00:00,"Bhangagarh, Assam","Bhangagarh, Assam",Assam,landslide,rain,small,unknown,3.0,0.0,91.7697,26.1619,54.29384994506836,2.946413402631005,359.1212128757807
6112,2014-06-28 09:00:00,"Kharghuli Hills, Assam","Kharghuli Hills, Assam",Assam,landslide,rain,medium,unknown,0.0,0.0,91.7652,26.1964,88.93688201904297,5.015605123771912,302.62294224263184
6143,2014-07-14 18:00:00,"Zembabawk, Aizawl","Zembabawk, Aizawl",Mizoram,landslide,downpour,medium,unknown,1.0,2.0,92.7463,23.7327,769.8861083984375,10.671182579001156,225.48952966580953
6513,2014-08-14 23:00:00,Sabroom,Sabroom,Tripura,mudslide,downpour,medium,unknown,3.0,0.0,91.7174,23.0137,,,
6200,2014-08-17 00:00:00,Arunachal Pradesh/Itanagar,Arunachal Pradesh/Itanagar,Arunachal Pradesh,landslide,downpour,large,unknown,0.0,0.0,93.6086,27.0869,313.25152587890625,6.729128044662146,220.65494815502615
6331,2014-09-08 00:00:00,Kiphire-Seyochung road near Yangzitong village,Kiphire-Seyochung road near Yangzitong village,Nagaland,mudslide,unknown,medium,unknown,0.0,0.0,94.6279,25.9466,1383.3017578125,12.16392932261721,258.9394564950802
6291,2014-09-21 00:00:00,National Highway 51,National Highway 51,Meghalaya,landslide,continuous_rain,large,unknown,0.0,0.0,90.3852,25.7354,332.07452392578125,1.6790712211505168,31.172248882709027
6286,2014-09-22 00:00:00,Garchuk,Garchuk,Assam,landslide,rain,small,unknown,0.0,0.0,91.7082,26.1044,50.43853759765625,0.5838235718017531,30.099706009273007
6282,2014-09-22 00:00:00,Lalmati,Lalmati,Assam,landslide,rain,small,urban,1.0,0.0,91.7747,26.1097,61.38019561767578,1.700150432625599,347.91161586019507
6287,2014-09-22 00:00:00,Dhirenpara,Dhirenpara,Assam,landslide,rain,small,unknown,0.0,0.0,91.7056,26.1295,142.085693359375,3.028031397886876,206.62385286320367
6289,2014-09-22 00:00:00,Pamohi,Pamohi,Assam,landslide,rain,small,unknown,0.0,0.0,91.6849,26.1001,141.17234802246094,10.515644215923333,20.99309602548999
6283,2014-09-22 00:00:00,Dakhingaon,Dakhingaon,Assam,landslide,rain,small,unknown,0.0,0.0,91.7548,26.1314,78.39965057373047,1.8204737413153456,69.10865075226673
6285,2014-09-22 00:00:00,VIP Road,VIP Road,Assam,landslide,rain,small,above_road,0.0,0.0,91.8178,26.159,116.36119079589844,7.118671337300538,137.09388440786142
6288,2014-09-22 00:00:00,Noonmati,Noonmati,Assam,landslide,rain,small,unknown,0.0,0.0,91.7998,26.1985,85.3450698852539,1.3789912984809214,274.2269234670863
6284,2014-09-22 00:00:00,Batahghuli,Batahghuli,Assam,landslide,rain,small,unknown,0.0,1.0,91.8342,26.1324,88.89730072021484,4.439598199059165,0.4344198059403652
6292,2014-09-23 00:00:00,Hatsingimari,Hatsingimari,Assam,landslide,continuous_rain,small,unknown,1.0,0.0,89.9032,25.7238,26.560707092285156,1.3107214771057185,216.5520510767439
6290,2014-09-23 03:00:00,Mawbah under Mawprem area,Mawbah under Mawprem area,Meghalaya,landslide,continuous_rain,small,urban,8.0,1.0,91.8666,25.5772,1471.2242431640625,4.095517749233523,345.92285797829373
6213,2014-09-24 00:00:00,Meghalaya,Meghalaya,Meghalaya,landslide,continuous_rain,large,unknown,0.0,0.0,90.5763,25.8143,64.95821380615234,4.270435998700215,268.22634526083505
6222,2014-10-01 11:00:00,Karsingsa block point,Karsingsa block point,Arunachal Pradesh,landslide,unknown,small,above_road,5.0,0.0,93.7706,27.1249,142.41452026367188,4.354630393956385,0.19519332866144623
6214,2014-10-05 17:45:00,Jorabat-Umiam route,Jorabat-Umiam route,Meghalaya,landslide,rain,medium,above_road,1.0,0.0,91.8587,25.9702,343.8716125488281,3.5430934319129843,137.11105438447817
6293,2014-10-20 00:00:00,South West Garo Hills,South West Garo Hills,Meghalaya,landslide,rain,medium,unknown,6.0,0.0,90.0896,25.5006,46.47753143310547,1.7182990619373226,216.50496073710377
6775,2015-02-14 00:00:00,Kailashpur hill,Kailashpur hill,Assam,landslide,mining,small,mine,1.0,2.0,91.6469,26.1468,108.400634765625,2.9385488205872656,255.0368905579026
6786,2015-02-19 23:00:00,"Hailākāndi : Two labourers died while another was injured in a landslide in Assam's Hailakandi district, the police said today.",,Assam,landslide,mining,medium,mine,2.0,1.0,92.562,24.6108,29.484477996826172,0.17823722943971687,113.84574725898358
7591,2015-03-19 00:00:00,Ratacherra,Ratacherra,Assam,landslide,rain,small,unknown,0.0,0.0,92.4584,25.0318,88.8576431274414,9.962664635159802,194.28754275136538
7031,2015-05-24 00:00:00,"Bop, Sikkim","Bop, Sikkim",Sikkim,landslide,unknown,medium,above_road,0.0,0.0,88.6586,27.6163,1829.734375,27.50848613652804,137.3335121657729
6971,2015-06-09 00:00:00,"Itanagar, Arunachal Pradesh","Itanagar, Arunachal Pradesh",Arunachal Pradesh,landslide,continuous_rain,medium,above_road,2.0,2.0,93.816,27.0987,182.13697814941406,4.8079576464873535,98.32944122559564
6968,2015-06-13 00:00:00,"Ratacherra village along the NH-44 connecting to Barak Valley in Assam and Tripura, Meghalaya, Mizoramon","Ratacherra village along the NH-44 connecting to Barak Valley in Assam and Tripura, Meghalaya, Mizoramon",Meghalaya,landslide,continuous_rain,medium,unknown,4.0,2.0,92.2121,25.463,1362.5028076171875,3.7667957704678883,312.53436359893567
6970,2015-06-16 00:00:00,Akonggre,Akonggre,Meghalaya,rock_fall,downpour,small,above_road,1.0,0.0,90.2191,25.5084,342.36712646484375,10.235705379013082,272.2982188246608
6969,2015-06-16 06:15:00,"Nakham Bazaar, Tura, Meghalaya","Nakham Bazaar, Tura, Meghalaya",Meghalaya,landslide,downpour,medium,urban,4.0,0.0,90.215,25.5114,295.56683349609375,3.817092570345536,218.28790966829877
6945,2015-06-19 00:00:00,"amei to Kangpokpi via Imphal road, 0.5 km from Tamei, Tamenglang District","amei to Kangpokpi via Imphal road, 0.5 km from Tamei, Tamenglang District",Manipur,landslide,monsoon,medium,above_road,0.0,0.0,93.686,25.16,1039.8975830078125,18.550263384675024,157.79166262551053
6963,2015-06-19 00:00:00,"Muanna locality, Mizoram","Muanna locality, Mizoram",Mizoram,landslide,rain,medium,natural_slope,0.0,0.0,92.7362,23.7131,765.9761962890625,11.050015235695566,90.53403124571338
6990,2015-06-24 00:00:00,"New Land (""""New Colony"""")","New Land (""""New Colony"""")",Nagaland,landslide,continuous_rain,medium,above_road,0.0,0.0,94.5466,26.0319,1394.6749267578125,18.170552033452267,146.3587845096265
7138,2015-07-07 00:00:00,"NH-10, Sepi Jhora, Kalimpong","NH-10, Sepi Jhora, Kalimpong",Sikkim,landslide,continuous_rain,small,above_road,0.0,0.0,88.4397,27.0816,417.0215148925781,12.996049259004463,327.26082401341773
7214,2015-07-15 08:00:00,Type-IV Colony of Seppa in East Kameng,Type-IV Colony of Seppa in East Kameng,Arunachal Pradesh,landslide,monsoon,medium,urban,3.0,0.0,93.0385,27.36,399.9796447753906,8.911732926006986,87.63909690615611
7265,2015-07-22 00:00:00,Willong-Yangkhullen stretch,Willong-Yangkhullen stretch,Manipur,landslide,continuous_rain,medium,above_road,0.0,0.0,93.9854,25.5007,1395.7078857421875,16.866495952895704,198.70921253232825
7253,2015-07-22 00:00:00,Lakhipur,Lakhipur,Assam,landslide,continuous_rain,medium,urban,5.0,0.0,92.9974,24.7979,24.35943603515625,0.05843208738330495,316.8654098683827
7267,2015-07-22 00:00:00,NH-2 between Senapati and Mao,NH-2 between Senapati and Mao,Manipur,landslide,continuous_rain,small,above_road,0.0,0.0,94.0926,25.3908,1278.12744140625,4.999112929615911,261.1024690596528
7264,2015-07-22 00:00:00,22 kms to 30 kms between Sangkungmai and Willong,22 kms to 30 kms between Sangkungmai and Willong,Manipur,landslide,continuous_rain,medium,above_road,0.0,0.0,93.9827,25.4538,1707.815185546875,22.615815443886795,288.28161706397606
7263,2015-07-22 00:00:00,"15 kms from Maram, National Highway-102/A (Maram Peren road)","15 kms from Maram, National Highway-102/A (Maram Peren road)",Manipur,landslide,continuous_rain,medium,above_road,0.0,0.0,94.0489,25.4477,1457.503662109375,23.240366774817613,307.2555800428323
7266,2015-07-22 00:00:00,Yangkhullen-Tamphung road till Nagaland border,Yangkhullen-Tamphung road till Nagaland border,Manipur,landslide,continuous_rain,medium,above_road,0.0,0.0,93.8794,25.5098,1694.1363525390625,10.721322079901263,257.4454159439083
7279,2015-07-24 00:00:00,Tamenglong Ward No-IV,Tamenglong Ward No-IV,Manipur,mudslide,monsoon,medium,other,0.0,0.0,93.5142,24.9818,1323.1640625,13.967650042796238,10.070465604139713
7276,2015-07-25 09:00:00,"Dispur : According to report, a huge hillock slipped into the house after heavy rain where Dinesh Bodo along with his wife and daughter lived in. Thi*",,Assam,landslide,continuous_rain,medium,natural_slope,2.0,0.0,91.8717,26.1062,214.65968322753906,8.467378946715453,197.49200159170957
7364,2015-07-31 09:00:00,Phungyar road,Phungyar road,Manipur,landslide,continuous_rain,medium,below_road,0.0,0.0,94.3551,24.819,1720.0596923828125,0.9095423676321208,240.57902649152172
7372,2015-07-31 23:00:00,Naga Gate along the Ukhrul-Imphal route,Naga Gate along the Ukhrul-Imphal route,Manipur,mudslide,continuous_rain,medium,above_road,0.0,0.0,94.3415,25.0634,1812.20166015625,7.014487221753697,253.4700516299402
7389,2015-08-01 00:00:00,between Bongyang and Lokchao along the Imphal-Moreh highway,between Bongyang and Lokchao along the Imphal-Moreh highway,Manipur,landslide,continuous_rain,medium,above_road,0.0,0.0,94.0644,24.4072,1216.6253662109375,7.251364313576403,298.3932510545225
7371,2015-08-01 00:00:00,near S Lamphei Lamkhai and Sehlon village,near S Lamphei Lamkhai and Sehlon village,Manipur,landslide,continuous_rain,medium,unknown,0.0,0.0,94.0573,23.9939,922.6273193359375,1.9014455907760899,40.91929256922543
7374,2015-08-01 00:00:00,Ukhrul town Circular road from Rayotang to Viewland Zone II,Ukhrul town Circular road from Rayotang to Viewland Zone II,Manipur,landslide,continuous_rain,medium,below_road,0.0,0.0,94.3591,25.1122,1813.75341796875,9.02688437806724,276.54277662650287
7385,2015-08-01 00:00:00,"Holenjang, Chandel district","Holenjang, Chandel district",Manipur,landslide,continuous_rain,medium,unknown,0.0,0.0,93.9815,24.004,1397.8375244140625,18.399394861372006,49.62624976279437
7369,2015-08-01 00:00:00,between Chalong and Paraolon,between Chalong and Paraolon,Manipur,landslide,continuous_rain,medium,above_road,0.0,0.0,94.1016,24.1988,1347.613525390625,2.0312062967513436,218.10369340107317
7373,2015-08-01 00:00:00,between Maku village and Kamjong sub division,between Maku village and Kamjong sub division,Manipur,landslide,continuous_rain,medium,above_road,,,94.4759,24.9111,1748.2857666015625,16.26553042077008,8.121164852501579
7390,2015-08-01 00:00:00,between Tengnoupal-Sita junction and Tengnoupal Power Sub-Station,between Tengnoupal-Sita junction and Tengnoupal Power Sub-Station,Manipur,landslide,continuous_rain,medium,above_road,0.0,0.0,94.1913,24.4265,1288.5555419921875,8.570662484967764,98.3891459707828
7384,2015-08-01 00:00:00,"Wayang, Khengjoi","Wayang, Khengjoi",Manipur,landslide,rain,medium,unknown,0.0,0.0,94.0906,23.9278,,,
7375,2015-08-01 00:00:00,Ukhrul NH 201-Jessami road,Ukhrul NH 201-Jessami road,Manipur,landslide,continuous_rain,medium,above_road,0.0,0.0,94.4481,25.1941,1607.228515625,11.6878242318148,252.41453360718808
7370,2015-08-01 00:00:00,between Moltuk to New Songjang village,between Moltuk to New Songjang village,Manipur,landslide,continuous_rain,medium,above_road,0.0,0.0,94.1078,24.1419,1175.66650390625,4.765223121013977,84.62592895998381
7910,2015-08-01 00:00:00,Chandel,Chandel,Manipur,landslide,unknown,medium,above_road,0.0,0.0,94.1146,24.3481,1007.4844970703125,4.236409974488785,343.4091480090842
7383,2015-08-01 00:00:00,"Tuitung village, Khengjoi","Tuitung village, Khengjoi",Manipur,landslide,rain,medium,unknown,0.0,0.0,94.1434,23.899,,,
7388,2015-08-01 00:00:00,Senam,Senam,Manipur,landslide,continuous_rain,medium,unknown,0.0,0.0,94.0984,24.416,1269.47314453125,13.425619528812456,280.3720633090438
7387,2015-08-01 00:00:00,Imphal-Ukhrul road,Imphal-Ukhrul road,Manipur,landslide,continuous_rain,small,below_road,0.0,0.0,94.2156,24.954,1040.440673828125,12.28646153740797,309.7713032074417
7409,2015-08-02 00:00:00,Meluri Sub-Division in Phek District of Nagaland,Meluri Sub-Division in Phek District of Nagaland,Nagaland,landslide,continuous_rain,medium,unknown,0.0,0.0,94.6219,25.72,1747.8638916015625,19.671568073067544,156.9875034535239
7664,2015-08-11 00:00:00,Nungba,Nungba,Manipur,landslide,continuous_rain,medium,unknown,0.0,0.0,93.4251,24.7459,760.5267333984375,15.273898855775899,124.79923853345218
7666,2015-08-11 00:00:00,Tousem,Tousem,Manipur,landslide,continuous_rain,medium,unknown,0.0,0.0,93.3729,25.1019,1093.6376953125,3.7282623430802193,124.43637289921702
7665,2015-08-11 00:00:00,Khoupum,Khoupum,Manipur,landslide,continuous_rain,medium,unknown,0.0,0.0,93.5291,24.7016,653.4212646484375,15.151082322407328,333.012944913035
7660,2015-08-12 00:00:00,Phesama village,Phesama village,Nagaland,mudslide,continuous_rain,medium,below_road,0.0,0.0,94.1136,25.6237,1568.7457275390625,8.753599146393153,54.76682196821287
7887,2015-08-16 00:00:00,Hawai,Hawai,Arunachal Pradesh,landslide,continuous_rain,medium,above_road,0.0,0.0,96.9262,27.8835,,,
7334,2015-08-18 00:00:00,Arunachal Pradesh,Arunachal Pradesh,Arunachal Pradesh,landslide,unknown,medium,unknown,1.0,0.0,94.7596,28.1737,513.426025390625,10.215682642121505,55.54445251268993
7335,2015-08-18 09:00:00,Tura Civil Hospital,Tura Civil Hospital,Meghalaya,landslide,continuous_rain,medium,urban,0.0,0.0,90.2023,25.5145,273.09893798828125,2.988335382012413,289.08102588210306
7699,2015-08-19 00:00:00,Zunheboto district,Zunheboto district,Nagaland,landslide,continuous_rain,medium,unknown,0.0,0.0,94.5224,26.0214,1624.2789306640625,12.871189019427298,291.4142207153575
7706,2015-08-19 00:00:00,National Highway at Kuliang,National Highway at Kuliang,Meghalaya,landslide,rain,medium,above_road,0.0,0.0,92.3636,25.0728,89.61410522460938,10.862033561621171,177.76682998069282
7590,2015-08-19 00:00:00,Tongseng,Tongseng,Meghalaya,landslide,rain,small,unknown,0.0,0.0,92.3807,25.1416,142.55812072753906,7.411453993188049,72.58839765772734
7589,2015-08-19 00:00:00,National Highway 44,National Highway 44,Meghalaya,landslide,rain,medium,above_road,0.0,0.0,92.3825,25.2568,778.7413940429688,3.9444487410273954,221.6403664841109
7336,2015-08-19 09:00:00,NH-62 at Sibbari,NH-62 at Sibbari,Meghalaya,landslide,continuous_rain,medium,above_road,0.0,0.0,90.5549,25.2193,256.89837646484375,3.5523941406595654,62.23685814283249
7701,2015-08-19 15:00:00,Phesama,Phesama,Nagaland,landslide,continuous_rain,medium,above_road,0.0,0.0,94.1051,25.6278,1692.6016845703125,8.397271399243602,26.926699263872422
7727,2015-08-20 18:00:00,between Phesama and Kuima in Nagaland,between Phesama and Kuima in Nagaland,Nagaland,landslide,continuous_rain,medium,below_road,0.0,0.0,94.1057,25.6263,1692.6016845703125,8.397271399243602,26.926699263872422
7728,2015-08-22 09:00:00,Natonal Highway in Jorabat area,Natonal Highway in Jorabat area,Assam,landslide,continuous_rain,medium,above_road,0.0,0.0,91.8806,26.1028,185.69992065429688,4.482045922115907,148.53303471144739
7780,2015-08-26 00:00:00,Sailam village,Sailam village,Mizoram,landslide,continuous_rain,medium,above_road,1.0,0.0,92.7878,23.3572,1297.563232421875,15.723181904587044,246.48393109520015
7778,2015-08-26 00:00:00,Phullen’s main road,Phullen’s main road,Mizoram,mudslide,continuous_rain,medium,above_road,0.0,0.0,93.0514,23.8447,941.862548828125,11.185237757276647,247.59330701317356
7836,2015-08-27 00:00:00,"National Highway 54, at Kawnpui town","National Highway 54, at Kawnpui town",Mizoram,landslide,downpour,medium,above_road,0.0,0.0,92.6724,24.042,753.0997924804688,9.222033371283777,98.1986960366367
7837,2015-08-27 00:00:00,three graveyards within Aizawl,three graveyards within Aizawl,Mizoram,landslide,downpour,medium,urban,0.0,0.0,92.7265,23.7269,910.7572021484375,12.199351908925664,79.95975509394066
7972,2015-08-28 01:45:00,"Mizoram, India","Mizoram, India",Mizoram,landslide,downpour,large,unknown,0.0,0.0,92.8112,23.4495,849.9747314453125,13.157234388807225,130.03341634660467
7933,2015-09-01 00:00:00,Maligaon,Maligaon,Assam,rock_fall,rain,medium,unknown,2.0,0.0,91.6739,26.1868,52.91970443725586,0.4340399737320287,193.1004180876671
7923,2015-09-01 00:00:00,Amingaon,Amingaon,Assam,landslide,rain,medium,unknown,2.0,0.0,91.72137514,26.49349035,60.2906494140625,0.13964058905668852,322.25851875903356
7956,2015-09-05 00:00:00,Byrnihat,Byrnihat,Meghalaya,landslide,unknown,medium,above_road,0.0,0.0,91.8695,26.048,78.28446960449219,2.709272674332869,109.1475497924356
8012,2015-09-06 15:00:00,"Umling, Meghalaya 793102, India","Umling, Meghalaya 793102, India",Meghalaya,landslide,unknown,medium,above_road,0.0,0.0,91.8584,25.9703,343.8716125488281,3.5430934319129843,137.11105438447817
8224,2015-09-14 01:30:00,"Aizawl, Mizoram, India","Aizawl, Mizoram, India",Mizoram,landslide,downpour,medium,above_road,0.0,0.0,92.7187,23.7313,1056.29541015625,4.338164528566653,72.6215857743747
8223,2015-09-14 03:10:00,"Aizawl, Mizoram, India","Aizawl, Mizoram, India",Mizoram,landslide,downpour,large,above_road,0.0,0.0,92.7187,23.7348,1026.9345703125,1.775183193388253,112.64513598070482
8339,2015-09-23 00:00:00,Kamakhya Temple,Kamakhya Temple,Assam,landslide,continuous_rain,medium,above_road,0.0,0.0,91.7042,26.1666,215.478759765625,4.158509854880299,332.921806805467
8366,2015-09-23 15:00:00,"Shillong, Meghalaya, India","Shillong, Meghalaya, India",Meghalaya,landslide,downpour,medium,natural_slope,2.0,1.0,91.893,25.583,1444.667236328125,0.8974204106136023,206.46446887604333
9405,2016-04-19 00:00:00,"Techahan Ward, Mon, Nagaland, India","Techahan Ward, Mon, Nagaland, India",Nagaland,landslide,continuous_rain,medium,unknown,0.0,0.0,95.0243,26.7223,685.8541259765625,5.461659805986878,300.51032931345753
7655,2016-04-22 02:30:00,"Tawang, Arunachal Pradesh","Tawang, Arunachal Pradesh",Arunachal Pradesh,landslide,continuous_rain,medium,above_road,17.0,0.0,91.8569,27.5799,2737.44287109375,13.099009919240181,234.6482958909109
9404,2016-05-01 00:00:00,"Hayuliang, Anjaw district,Arunachal Pradesh, India","Hayuliang, Anjaw district,Arunachal Pradesh, India",Arunachal Pradesh,landslide,downpour,medium,above_road,0.0,0.0,96.5316,28.0822,,,
9338,2016-05-18 08:00:00,"Sonachirra, Karimganj district, Assam, India","Sonachirra, Karimganj district, Assam, India",Assam,landslide,continuous_rain,medium,natural_slope,5.0,0.0,92.4943,24.4638,98.57444763183594,8.46438713171177,271.3464904452493
9335,2016-05-18 08:00:00,"Bilaipur, Hailakandi district, Assam, India","Bilaipur, Hailakandi district, Assam, India",Assam,landslide,continuous_rain,unknown,unknown,2.0,0.0,92.7239,24.5202,38.16285705566406,0.3625697340418478,311.933396194781
9336,2016-05-18 08:00:00,"Ramchandi , Hailakandi District, Assam, India","Ramchandi , Hailakandi District, Assam, India",Assam,landslide,continuous_rain,small,unknown,1.0,0.0,92.5121,24.5308,86.01087188720703,1.146628280065758,94.12947973703251
9334,2016-05-18 08:00:00,"Bilaipur, Hailakandi district, Assam, India","Bilaipur, Hailakandi district, Assam, India",Assam,landslide,continuous_rain,unknown,unknown,2.0,0.0,92.7264,24.5204,38.16285705566406,0.3625697340418478,311.933396194781
9169,2016-06-12 00:00:00,"on road between Mon and Tobu near Telangsao Hydro project , Nagaland, India","on road between Mon and Tobu near Telangsao Hydro project , Nagaland, India",Nagaland,landslide,continuous_rain,unknown,above_road,0.0,0.0,94.2442,26.1677,653.855224609375,18.960487750819365,314.0576925262786
9168,2016-06-12 23:00:00,"NH 13 10 kilometers from Old Ziro, Arunachal Pradesh, India","NH 13 10 kilometers from Old Ziro, Arunachal Pradesh, India",Arunachal Pradesh,landslide,downpour,medium,above_road,0.0,0.0,93.871,27.6438,1801.2650146484375,17.64242322631224,310.0966250123069
9142,2016-06-14 08:00:00,"lower Majakong Ward, Mokokchung, Nagaland, India","lower Majakong Ward, Mokokchung, Nagaland, India",Nagaland,landslide,continuous_rain,medium,retaining_wall,0.0,0.0,94.5247,26.3185,1200.21240234375,13.9503099014368,173.51328068916996
8222,2016-06-22 12:00:00,"Piyali Phukan Nagar, Guwahati, India","Piyali Phukan Nagar, Guwahati, India",Assam,mudslide,downpour,medium,natural_slope,1.0,0.0,91.7825,26.1961,151.82040405273438,2.4160711958359102,72.9288018769929
8237,2016-07-01 00:00:00,"Old Inspection Bungalow, Bhalukpong town, West Kameng, Arunachal Pradesh, India","Old Inspection Bungalow, Bhalukpong town, West Kameng, Arunachal Pradesh, India",Arunachal Pradesh,landslide,downpour,large,unknown,5.0,3.0,92.6351,27.0136,219.07028198242188,2.694052065216109,76.63698707990892
8684,2016-07-07 00:00:00,"Kamrup district, Assam, India","Kamrup district, Assam, India",Assam,landslide,continuous_rain,medium,retaining_wall,2.0,2.0,91.3681,25.9611,185.42539978027344,6.148522948373515,188.29611756660665
8900,2016-07-07 00:00:00,"Imphal-Ukhrul sector of National Highway 102, Manipur, India","Imphal-Ukhrul sector of National Highway 102, Manipur, India",Manipur,landslide,monsoon,large,above_road,0.0,0.0,94.3136,25.0118,1305.698486328125,14.280960236197958,253.17906657546084
8901,2016-07-10 00:00:00,"National Highway 2, near Kohima, Nagaland, India","National Highway 2, near Kohima, Nagaland, India",Nagaland,landslide,downpour,medium,above_road,0.0,0.0,94.1318,25.7902,1206.9296875,6.742486479138113,102.8942723311161
8930,2016-07-11 23:00:00,"North Point Colony, Akuluto, Nagaland, India","North Point Colony, Akuluto, Nagaland, India",Nagaland,landslide,unknown,large,unknown,0.0,0.0,94.4922,26.1699,1106.1102294921875,8.526930340238126,196.73038029753022
8996,2016-07-14 00:00:00,"Pub Sarania hill, South Sarania, Guwahati, Assam, India","Pub Sarania hill, South Sarania, Guwahati, Assam, India",Assam,landslide,monsoon,small,natural_slope,1.0,0.0,91.7702,26.1768,110.60929870605469,0.41706886827653405,147.66034839751342
8995,2016-07-14 00:00:00,"Noonmati Nijarapar area of the city, Guwahati, Assam, India","Noonmati Nijarapar area of the city, Guwahati, Assam, India",Assam,landslide,monsoon,small,unknown,1.0,0.0,91.8074,26.1963,146.45697021484375,2.303705765888447,262.6734374534309
9010,2016-07-16 00:00:00,"Hoj-Potin Highway, Arunachal Pradesh, India","Hoj-Potin Highway, Arunachal Pradesh, India",Arunachal Pradesh,mudslide,downpour,medium,above_road,1.0,0.0,93.804,27.3034,666.6202392578125,17.429135695844764,147.96514379210402
9124,2016-07-19 00:00:00,"Rongthragittim Songittal village, near Sibbari, South Garo Hills District, Meghalaya, India","Rongthragittim Songittal village, near Sibbari, South Garo Hills District, Meghalaya, India",Meghalaya,translational_slide,continuous_rain,large,natural_slope,0.0,0.0,90.5573,25.203,106.51193237304688,3.4802556326678626,132.93024909633505
9087,2016-07-19 00:00:00,"5 km off Sangam point on Aalo- Pangin road, Arunachal Pradesh, India","5 km off Sangam point on Aalo- Pangin road, Arunachal Pradesh, India",Arunachal Pradesh,landslide,downpour,medium,above_road,0.0,0.0,94.9612,28.235,245.27549743652344,8.972045227574931,341.8045690673335
9051,2016-07-19 09:00:00,"12th Mile area at Jorabat, Meghalaya, India","12th Mile area at Jorabat, Meghalaya, India",Meghalaya,landslide,unknown,medium,natural_slope,0.0,1.0,91.8744337,26.09748244,130.5399169921875,4.369105232547578,174.30760722947014
9122,2016-07-20 00:00:00,"Noonmati, Guwahati, Assam, India","Noonmati, Guwahati, Assam, India",Assam,landslide,rain,medium,unknown,0.0,0.0,91.802,26.1966,85.3450698852539,1.3789912984809214,274.2269234670863
9186,2016-07-25 12:30:00,"Imphal-Dimapur road  in Tadubi, Senapati district, Manipur, India","Imphal-Dimapur road  in Tadubi, Senapati district, Manipur, India",Manipur,landslide,continuous_rain,medium,above_road,0.0,1.0,94.1383,25.48,1693.163330078125,0.8759722417553234,89.3782514506625
9219,2016-07-26 23:00:00,"Zunheboto, Nagaland, India","Zunheboto, Nagaland, India",Nagaland,landslide,downpour,medium,retaining_wall,0.0,0.0,94.5282,26.0101,1694.95361328125,16.293275519889896,111.2625200968082
9252,2016-07-28 00:00:00,"Dolma Lhakang complex, Lumla, Tawang,  Arunachal Pradesh, India","Dolma Lhakang complex, Lumla, Tawang,  Arunachal Pradesh, India",Arunachal Pradesh,landslide,monsoon,medium,unknown,0.0,0.0,91.8644,27.5748,2704.603515625,18.136291463123776,192.73574084978338
9232,2016-07-28 23:00:00,"Ngur, near Mizoram-Myanmar border, India","Ngur, near Mizoram-Myanmar border, India",Mizoram,landslide,continuous_rain,medium,unknown,2.0,6.0,93.3783,23.5397,1531.4127197265625,11.950408274984989,146.4433217340685
9251,2016-07-28 23:00:00,"Government Middle School (GMS) Kiphire station “B”, Kiphire, Nagaland, India","Government Middle School (GMS) Kiphire station “B”, Kiphire, Nagaland, India",Nagaland,landslide,downpour,medium,retaining_wall,0.0,0.0,94.7844,25.8702,1061.67236328125,7.95859469202848,195.19470883785777
9464,2016-08-05 00:00:00,Babrang village under Jang circle in Tawang district,Babrang village under Jang circle in Tawang district,Arunachal Pradesh,landslide,downpour,medium,unknown,0.0,3.0,91.9754,27.5754,2424.190185546875,19.24312472126151,320.94557305137005
9604,2016-10-12 00:00:00,Legship,Legship,Sikkim,landslide,continuous_rain,medium,above_road,0.0,0.0,88.2891,27.2676,579.97900390625,2.3366964435056254,186.86395214135976
9619,2016-10-15 00:00:00,Namchi,Namchi,Sikkim,landslide,rain,medium,above_road,0.0,0.0,88.3664,27.1695,1417.80419921875,17.35293251704138,294.61948481459285
9620,2016-10-15 00:00:00,Rangpo,Rangpo,Sikkim,landslide,downpour,medium,above_road,0.0,0.0,88.5292,27.172,342.2189025878906,9.422864526365185,261.5628410430589
